"0.8370457209847597","0.9914285714285714","0.3360881542699725","0.6944784090189478","0.8734567901234565","0.0","0.0","0.0939930551332459","0.31266456900176487","0.9414904518211883","0.5618209925027728","0.028461015109117725","0.919011332932174","0.21370811492085487","0.030821699855670303","0.06600218283530994","0.002069460397838193","0.4576528062604888","0.17274355653240042","0.0699082224179702","0.15848372717485432","0.036940803440443745","0.9959354853301702","0.08359454618548483","0.911749058731445","0.013108912603391865","0.0013510444235680374","0.7647058951470588","0.3000002626499141","0.41398416363990354","0.09165359656601449","0.021078590434161854","0.16666662062501114"
"0.26084407971864004","0.8914285714285713","0.2920110192837466","0.5839611462917675","0.9074074074074074","0.0","0.0","0.15734803013373228","0.13393339009665906","0.9656533397346951","0.5249339825498611","0.07418897581507466","0.938943840983284","0.0747069833491087","0.010660608879304345","0.013961229788550699","5.089101865303383E-4","0.5593235128409458","0.016919674540028316","0.05331463738346294","0.0343443590876662","0.0041197855109254","1.0","0.05234838547673446","0.9074374209078462","0.003891064893306062","3.68427008231631E-4","0.9117647116176469","0.10000035954988284","0.3020106179148927","2.742041476490181E-4","0.0","0.0"
"0.12954279015240328","0.8971428571428571","0.2975206611570249","0.252409358110226","0.6450617283950615","0.0","0.0","0.10267917574430174","0.19174681496088442","0.878369474772848","0.43323153194840824","0.13917744739187504","0.8535400871991011","0.12259258019256704","0.060956265483129025","0.028060924363129014","0.00586083518826119","0.4982080234105335","0.055161923019046544","0.10754892069136064","0.08455267144377654","0.01401141680356579","0.9379936311279562","0.049498753520567006","0.8554200096268572","0.04743002311897868","0.006367756590459628","0.9411764794117645","0.2000003110998989","0.2792852859638888","2.1754139654596438E-4","0.0","0.0833332996875078"
"0.17057444314185227","0.8142857142857142","0.391184573002755","0.6650071389583667","0.7993827160493825","0.0","0.0","0.10379227142927991","0.19049677108558957","0.9216746016655859","0.493002334265834","0.10857098035970622","0.8859946518688685","0.09920771348103313","0.03868321279577125","0.020672641153277653","0.0028900174082352897","0.6066552862812673","0.06922993675103753","0.07667367415665191","0.05748073563666685","0.008107107991777163","0.9766278651084197","0.06223730892452854","0.9219222591297915","0.022603984556094935","0.002524698907037148","0.7058823670588236","0.10000035954988284","0.25201509345875817","0.13800023660226082","0.037173080667142575","0.16666662062501114"
"0.09261430246189917","0.7571428571428572","0.5179063360881542","0.872486029564393","0.8387441753086411","0.0","0.0","0.11238231049309855","0.21956300936541712","0.8606940908455514","0.5130687009843694","0.21369705188174534","0.8265409503084","0.19359802336603585","0.11222717857219243","0.05637527992642783","0.016328792542513838","0.6482729053648372","0.06158523308327242","0.11943244351991456","0.040019453133996574","0.005007521918611512","0.9224383957585303","0.18246181461952088","0.9306682122451374","0.12248319176310796","0.02479892277377065","0.5588235505882354","0.2000003110998989","0.25928722638613877","0.3208305120572467","0.13638782529690438","0.24999992031251894"
"0.13012895662368112","0.82","0.4132231404958677","0.8642763799556015","0.6976177074074079","0.0","0.0","0.18913487602782014","0.18125796962292687","0.866051496547627","0.4347210097209361","0.12485764612985877","0.8451454289905017","0.0739371099030578","0.059890927543887085","0.013767411086049106","0.005696991930627701","0.4460028193770524","0.07114144183330362","0.09149514296939217","0.08745975776363916","0.01472486881583146","0.7928492873185158","0.06868163572869515","0.8512657085930139","0.10986766881096655","0.02098498137806386","0.588235318382353","0.2000003110998989","0.2792854528580042","0.24297673369019396","0.08706600038938282","0.24999992031251894"
"0.12485345838218054","0.8285714285714286","0.4297520661157024","0.8074591089001348","0.8102874756172835","0.0","0.0","0.18885701500080362","0.18427932507308473","0.8971040092690755","0.46584275202773484","0.17277429179862397","0.8626263455637105","0.11288579925481361","0.044825723323005516","0.02487763996138172","0.0036139471536225758","0.4598418852548979","0.05461816733462817","0.08008161429255836","0.04564392428145823","0.005945259204471576","0.9676161922379558","0.09527726664330612","0.8892062329131057","0.04339868425333746","0.005667518038181285","0.235294104852941","0.10000035954988284","0.06593533108927563","0.5206953581522784","0.3092738010253747","0.16666662062501114"
"0.13540445486518168","0.7857142857142857","0.33884297520661155","0.674198473625748","0.6720682780864196","0.0","0.0","0.10466298045107754","0.10600446474613825","0.8964290925727603","0.4946265093544886","0.1296267525327021","0.8608149216792204","0.08564326032629717","0.06111989815551169","0.016826810269373747","0.005886194583308679","0.5954234524975949","0.03281276980968535","0.06252556879262502","0.037198841721780965","0.004558965308029794","0.9782157488030865","0.1160258900012701","0.9189298933463326","0.053958383013012055","0.0075643785126264795","0.6470588464705885","0.10000035954988284","0.19460379587314325","0.18320998272417327","0.05643455123629047","0.16666662062501114"
"0.1178194607268464","0.7257142857142856","0.5730027548209367","0.7350994415321033","0.8260307783950616","0.0","0.0","0.3212274999202112","0.21916765140519132","0.8516732395244083","0.32606763729104943","0.262245398326278","0.7811787263513947","0.12676769943697547","0.04111341750672939","0.029480985525110446","0.0031677472683531234","0.5238926611459711","0.07343581419811045","0.09890561645258308","0.09311850758503057","0.016157803857863407","0.9646676077080687","0.13334100158327403","0.8803911187335991","0.0755397523354362","0.012071507325792475","0.8529411835294117","0.2000003110998989","0.32753290053238704","0.08433234334834877","0.018898046596145118","0.16666662062501114"
"0.13657678780773738","0.6028571428571429","0.5096418732782371","0.7607887666552564","0.7283950617283947","0.0","0.0","0.184761451143938","0.166893601388736","0.8486002086565381","0.3814966379116229","0.19022798371158228","0.8067624215707991","0.09411423993541343","0.057277403791930845","0.019190667669304967","0.005304300468963484","0.6042417607785375","0.04982266935935682","0.08028432634457801","0.03992146830967176","0.004991696445339411","0.9478385091763525","0.11419348139554017","0.8905537368888407","0.06285048855133021","0.009318887459990145","0.8529411835294117","0.10000035954988284","0.27625535111211885","0.05708862527080974","0.011473814004802387","0.24999992031251894"
"0.07561547479484174","0.4571428571428571","0.559228650137741","0.8300176494300286","0.7153098024691356","0.0","0.0","0.1288471868811069","0.34728202125688784","0.820676831610103","0.318812939200886","0.3060358564633031","0.7453023887267002","0.2888276905919738","0.056248753128980096","0.10823942356233056","0.005153348081570439","0.34012701521171296","0.07431679996542613","0.16218823335471066","0.11075139562796679","0.020997174152365794","0.7594346648842574","0.15690986923452838","0.8035982729612817","0.2104097991865606","0.05941555104639864","0.1764705767647058","0.2000003110998989","0.18189161017161837","0.6766900903234947","0.49150496463105975","0.33333322000002763"
"0.2368112543962485","0.6114285714285713","0.6088154269972454","0.49554733611002355","0.7191358024691357","0.0","0.0","0.1026416700428889","0.0665286471529078","0.8766065363741626","0.4295013883441818","0.08079308200492619","0.8273733061549028","0.019865637557491718","0.03667000175698835","0.002756571414036589","0.0026685529105189196","0.5757394662706716","0.030883960217715334","0.03440601147637059","0.028210094424834065","0.0032262419003950883","0.8684971333340726","0.10769297151961124","0.8980579892272086","0.06758019537940277","0.010310664665938152","0.3529412135294121","0.10000035954988284","0.20757461182236892","0.3366216954866522","0.1472905444869881","0.16666662062501114"
"0.1096131301289566","0.8714285714285713","0.3305785123966942","0.8181177989475081","0.7385706018518516","0.0","0.0","0.21373192353678888","0.24329844033437945","0.9082587069083856","0.43704258482023745","0.18464851887222877","0.8679258161553383","0.12481941647569612","0.033620770423843496","0.028814519668263892","0.0023479784293869307","0.587598889094304","0.09880094186753592","0.11898258903269712","0.08294839580085389","0.013624294135165194","0.9401023970291965","0.07954222441536034","0.8926503591617415","0.061835369121191516","0.009111326129768126","0.9117647116176469","0.10000035954988284","0.26655913678803156","0.005991696047833769","9.345187877214615E-4","0.16666662062501114"
"0.04220398593200469","0.7999999999999999","0.3471074380165289","0.7828922192006926","0.8703703703703702","0.0","0.0","0.6212013503659235","0.23849112574175005","0.9289326303908456","0.5896579424055703","0.312826693566534","0.9143465011063713","0.05513746750707774","0.08772968691414819","0.009357330148612527","0.01069584999079605","0.6104367299984824","0.5939587771297127","0.2591658804272577","0.49391955977302515","0.2661171772068643","0.9109586577363573","0.12631918586366978","0.8787688996000336","0.11793478040451166","0.023390493051722673","0.588235318382353","0.0","0.06360201227573192","0.3103129994426059","0.1291193458368486","0.24999992031251894"
"0.15416178194607266","0.8971428571428571","0.26170798898071634","0.4366047959888606","0.7808641975308639","0.0","0.0","0.18764323445638498","0.15716092657421876","0.9131163025996777","0.5214098237624933","0.14920964006057447","0.9095374940060552","0.12555618160191748","0.07309243230094369","0.029065768044711875","0.007881523890958997","0.645157486884135","0.014610408222809656","0.08432190118864735","0.016964154683432753","0.0017662378957244763","0.9866413834606358","0.04710611586135407","0.8711964533933167","0.011586563195518363","0.0011781154206545353","0.9411764794117645","0.2000003110998989","0.35427876735789265","0.0","0.0","0.16666662062501114"
"1.0","0.8942857142857142","0.4214876033057853","0.5765933287766227","0.8641975308641974","0.0","0.0","0.13321144267083082","0.0","0.9299882367162771","0.474898600657945","0.0","0.9058371366487314","0.0015359042608563322","0.010655041067890997","1.88421432612231E-4","5.08587291676522E-4","0.5766639922929684","0.0","0.011469881569372564","0.0","0.0","0.9895405091137612","0.0635361913139441","0.9071184102098686","0.0","0.0","0.3529412135294121","0.2000003110998989","0.30782417971959486","0.25687759922423764","0.09537283405801802","0.24999992031251894"
"0.8763188745603752","0.9999999999999999","0.2589531680440771","0.784655927357468","0.712346018209876","0.0","0.0","0.09914618643349081","0.19746111951263665","0.8880217583175796","0.5200227961151642","0.05706405748028366","0.9052590709827656","0.12179221835991368","0.048614793106420695","0.027792195600350168","0.004096731703200494","0.6517505944658343","0.032990853829931145","0.06736913083922316","0.02288643431451325","0.0025063647345726636","0.943839240969689","0.14763850893617497","0.8807015250230738","0.04004632448960175","0.00510771393828593","0.3235294457352944","0.2000003110998989","0.33928013227360143","0.3936038027067863","0.19142059835161268","0.16666662062501114"
"0.10316529894490033","0.7228571428571428","0.391184573002755","0.853293012293789","0.677507941975309","0.0","0.0","0.2169437441283183","0.23206187156202623","0.8474469468044689","0.3918818681365155","0.24419611210972367","0.8139249699950656","0.1383499130044478","0.07145498810200021","0.03358051632283612","0.007592340328700157","0.6749848816887666","0.07526445959141315","0.12098184607213876","0.0650102663208294","0.009615176386174795","0.9648942973304283","0.14251636363946782","0.9164233780841892","0.10352259410056135","0.019176070694162384","0.7352941348529413","0.2000003110998989","0.3766793789914473","0.19441814223954607","0.06162632227918749","0.41666685968745254"
"0.14888628370457208","0.6257142857142858","0.44628099173553704","0.7838617650431452","0.8117283950617282","0.0","0.0","0.10152225764696482","0.1373070893406825","0.7859997200174892","0.6285994799489397","0.15193870668977266","0.8711264974637377","0.07931815938428263","0.17924435834996777","0.01514388319010439","0.03764190431818708","0.4881891767617316","0.06998280181868903","0.051835140921976296","0.09773069236148749","0.017368894532367563","0.8578851390847799","0.28232239951224714","0.9326070753252352","0.20047098351623277","0.054798191965106734","0.2647058651470586","0.2000003110998989","0.17565833748204351","0.4706963594665127","0.2594327990135635","0.33333322000002763"
"0.11957796014067996","0.4771428571428571","0.6418732782369148","0.8660931511341206","0.7433170271604932","0.0","0.0","0.19229065254955408","0.20324537853094551","0.8161381704253887","0.35982215888614616","0.19639031879133334","0.7796826650090443","0.14746088415599726","0.07984975018519398","0.03697077453697763","0.009129511438154004","0.4646053530715096","0.025172525885710596","0.0853363777828072","0.06869524959217532","0.010390892843243727","0.9181452678580787","0.2036693147213326","0.8679265356098261","0.12166959433339267","0.0245442281354185","0.235294104852941","0.10000035954988284","0.18535452399044505","0.5266345254286657","0.3155039262768512","0.24999992031251894"
"0.4249706916764361","0.5257142857142857","0.6005509641873279","0.9464025462446433","0.7663101385802462","0.0","0.0","0.18627617812869907","0.03165469831376075","0.8987756157577649","0.40638943667998867","0.04774719266189888","0.8593525396830289","0.0","0.022702446803756757","0.0","0.0013468906435911776","0.5016027551197758","0.008359638400511571","0.0076710734671543435","0.028405845795610053","0.0032536964775540687","0.9897224173409299","0.08815914419975783","0.901364993846277","0.008817634864675749","8.743823397233009E-4","0.3529412135294121","0.2000003110998989","0.3434075071977265","0.2964686233790808","0.11977415795963396","0.0833332996875078"
"0.17526377491207504","0.7685714285714286","0.3884297520661155","0.0","0.8450070604938271","0.0","0.0","0.18554218598937366","0.07928192108467833","0.9414946990005788","0.4700329167487972","0.07365545105163882","0.8981975333516337","0.03250181074311593","0.010596112498290605","0.004870333077344258","5.0517349537251E-4","0.5715911656822246","0.011889308385879982","0.040499200023374995","0.017631688155516835","0.001846465017883947","0.9984167115879061","0.06220667763985253","0.9036654836400949","0.004455855757647953","4.2419169197076555E-4","0.5294117902941178","0.10000035954988284","0.21730745940481455","0.25971130612988236","0.09693036537088714","0.24999992031251894"
"0.18815943728018755","0.7142857142857143","0.5234159779614327","0.5839611462917675","0.8395061728395059","0.0","0.0","0.1561779073418075","0.15503869715008164","0.8997867626853733","0.3950122508862407","0.10529723236600759","0.8595553969124555","0.08077362169167551","0.02079071111113757","0.015524920957846989","0.0011952144019585103","0.5098193066564343","0.027837445448990916","0.06272392163694018","0.04103489801222047","0.005172556199337741","0.9883410295107834","0.08020310219719047","0.8868878031868277","0.024632478763465127","0.002796679210055153","0.5588235505882354","0.10000035954988284","0.2045884032288683","0.22485042110523856","0.07720163540787851","0.16666662062501114"
"0.0973036342321219","0.6542857142857142","0.6225895316804406","0.8197313067764194","0.6604938271604937","0.0","0.0","0.1837613372846612","0.2562181751122924","0.758774604354345","0.3270712637853502","0.24955333980362288","0.7043201975348459","0.18266047173458108","0.10970549269110073","0.05143732392862868","0.015695617907597915","0.4803377293852188","0.07357834872659179","0.08726798721709299","0.1299986097469808","0.026926506354605452","0.8875441747243914","0.15191265601881865","0.8695233154733619","0.13609482672567483","0.02923846486502093","0.7058823670588236","0.2000003110998989","0.2738314366095267","0.19688201886931495","0.06266467648776688","0.24999992031251894"
"0.15416178194607266","0.5285714285714286","0.8925619834710745","0.8024090225798162","0.838233853703704","0.0","0.0","0.25195159758298724","0.17045087192908862","0.8285791418337939","0.22689721595122564","0.13635505637995948","0.756026694749059","0.058022836851004685","0.032366543002836916","0.009993899420971284","0.0022213131219164643","0.5098569855245151","0.056994944022271454","0.07159977757052918","0.05755470755755958","0.008121421006421593","0.7785333313138791","0.05963055779031272","0.8508359006665291","0.11012601514507984","0.02106018353602792","0.5588235505882354","0.10000035954988284","0.24705689181183565","0.23867328562192713","0.08447011486793432","0.24999992031251894"
"0.09495896834701054","0.5057142857142857","0.7438016528925622","0.7755244016855469","0.6635802469135801","0.0","0.0","0.19370734708183668","0.26898987756826553","0.7445709531752767","0.3138755686745527","0.25494348175190157","0.6667377083951438","0.20632977959574725","0.1368639316950526","0.06238767518644636","0.023158899648042207","0.36624679382726066","0.07189166371689133","0.07811749021729106","0.13563043259877997","0.028789148466358494","0.8473231257224334","0.15128481035463875","0.8638750067230367","0.18583107053776365","0.048323836822050034","0.5588235505882354","0.2000003110998989","0.3201909224176571","0.326065516547318","0.1400220650269323","0.24999992031251894"
"0.07561547479484174","0.3114285714285714","0.6446280991735538","0.8928833387112984","0.6404822080246906","0.0","0.0","0.2654501321579342","0.426316011955524","0.7408012874583921","0.300750205109306","0.3207617888795598","0.6829788570812783","0.3216504398735227","0.14463789572960245","0.12980324324762785","0.02555661185472192","0.7788816540895286","0.10480508280552252","0.22043995719424272","0.03132120578935691","0.0036708483480756724","0.8241809234433148","0.07653865529848405","0.7627940369058347","0.13088122047761544","0.02749821292472667","0.47058826220588257","0.10000035954988284","0.20526616023203736","0.40147811804116","0.19765072360308905","0.24999992031251894"
"0.12368112543962483","0.7399999999999999","0.47107438016528924","0.8350551441502141","0.8033334237654315","0.0","0.0","0.10264675683465108","0.2248476267435389","0.8847689669070924","0.4370392297806948","0.2139025453157026","0.8286301083974169","0.1768695608949473","0.055883264965645434","0.04890791096099121","0.005100203878188258","0.6387736984963865","0.06046339979341866","0.12176077152890183","0.06138890822218031","0.008876966649383177","0.9469047790717453","0.05508837621396392","0.8843006709628807","0.046634004647474116","0.006227148535811189","0.7941176629411764","0.2000003110998989","0.31019179527388197","0.11696897403709774","0.02943734181322603","0.16666662062501114"
"0.20691676436107856","0.9057142857142856","0.30578512396694224","0.49554733611002355","0.8209876543209873","0.0","0.0","0.10169267765765326","0.06032282417281276","0.9274490121623522","0.4880348360786782","0.08726436173592082","0.9114003700276638","0.04949477000546714","0.023372055127129424","0.008154662754372112","0.00140168077549577","0.6102797900389797","0.019136424095015057","0.04353652619566182","0.01631714473751238","0.0016892524998710634","0.9811497583197069","0.056913069914574524","0.8869504830197895","0.015651084808188553","0.0016492095655489258","0.4117647416176473","0.0","0.10973513403183066","0.3094936545763935","0.12860016873255886","0.0833332996875078"
"0.2801875732708089","0.7628571428571428","0.42699724517906334","0.9818232921096168","0.7006172839506171","0.0","0.0","0.15963974566267777","0.05900051400258533","0.8964125347665839","0.4615781558072137","0.07028938697123274","0.8669227302257687","0.04630235824570474","0.050734393881767245","0.0074989898074809755","0.004378855430462572","0.4468956977137342","0.01713559484794347","0.006458674241631712","0.03724856195304982","0.004566746670125177","0.9728871369808175","0.06876699350437843","0.9175308812479794","0.016617989661688527","0.0017656991440826886","0.0588235205882352","0.10000035954988284","0.0","0.6694085183596596","0.48215977675384514","0.24999992031251894"
"0.0973036342321219","0.7028571428571427","0.4683195592286502","0.8353618369220994","0.7547074305555554","0.0","0.0","0.26979440182534686","0.1870232601447173","0.8773324623248928","0.3829123582548063","0.19724942199795886","0.8230559421109124","0.11256747110227407","0.04270937777607091","0.024776046124991045","0.00335632238439357","0.4974415922750732","0.10881535391402304","0.10832390862326671","0.07613268631566009","0.012031917210170561","0.9537747093821399","0.15346336546080508","0.8914694721872175","0.09821110135021316","0.017718093203272733","0.5294117902941178","0.10000035954988284","0.21792730414989503","0.3197440180386078","0.135349471088325","0.33333322000002763"
"0.12309495896834699","0.4714285714285714","0.6198347107438016","0.8282098743566957","0.8325958253086414","0.0","0.0","0.36464274298339866","0.1530413836224357","0.8487619732037248","0.5568799667755984","0.18285592726159453","0.8223826448777263","0.04630691300573642","0.14015838056455782","0.0074999125465635","0.02416079714902655","0.3575485421182101","0.3716751156903904","0.10216697831836363","0.25511894739988117","0.081933208819164","0.2708937693977439","0.14663520018129006","0.8402347463192683","0.4374616195242808","0.21380342902012303","0.2647058651470586","0.2000003110998989","0.1888629442714409","0.48897941671725426","0.2770848205594133","0.24999992031251894"
"0.1764361078546307","0.39142857142857146","0.8402203856749311","0.611755949785989","0.878325474074074","0.0","0.0","0.12344843399581644","0.24586282248773264","0.855150638684992","0.32856444541290764","0.11825180199755028","0.7974393165926472","0.20554457918442345","0.047526860332818686","0.06200864456419593","0.0039552841583626284","0.6212004403677416","0.024739828957342967","0.08193299172678739","0.02835829266024481","0.003247020619978347","0.8385961836126201","0.0574019915908421","0.8626187462860584","0.07367347879608736","0.011648308176408762","0.9411764794117645","0.10000035954988284","0.30201064573057934","0.004696968275468796","7.268479460055812E-4","0.0833332996875078"
"0.06037514654161781","0.92","0.5812672176308542","0.7787154402904441","0.800834373148148","0.0","0.0","0.1818192054768965","0.292152968500368","0.8476338335348595","0.340491643241596","0.24982511461022217","0.7507552198139726","0.17281327844009206","0.04083395785887267","0.04717121346822401","0.0031352314031870628","0.6709982533778706","0.14316782930523725","0.17174579185921512","0.11164823290901307","0.02125845721657669","0.8564089601563001","0.0696391549168351","0.8202426931006486","0.14239851634239137","0.03140856013108166","0.5588235505882354","0.10000035954988284","0.11566349117233088","0.3322289831630435","0.1441754818612499","0.20833327046876526"
"0.1957796014067995","0.5314285714285714","0.5454545454545454","0.9061637561041724","0.7484733675925925","0.0","0.0","0.10486197925625809","0.1449706811213102","0.8739356438052275","0.437094907769028","0.13503301041414975","0.8282184706165893","0.10476119017078331","0.058854239081851195","0.022340334938378947","0.0055396522887623725","0.42273763046824675","0.02839481309535703","0.0426616197620044","0.06474859367508294","0.009561033512106753","0.9534102681688705","0.07666371092492827","0.8736643950638682","0.047812065205043996","0.0064356492386338","0.14705881647058816","0.3000002626499141","0.34212570475908066","0.549537144042382","0.3399052501784671","0.24999992031251894"
"0.14243845252051582","0.46571428571428564","0.6446280991735538","0.8302362010009805","0.6659180441358021","0.0","0.0","0.2143465852059579","0.1627278684157184","0.8256019243613901","0.26806466601603496","0.18815352803312943","0.7574646328956582","0.09473286778474838","0.04780541673099775","0.019368231827883282","0.003991283653623759","0.5432742814498224","0.03721869849502104","0.05730775957437695","0.05264541349542231","0.007193142485433323","0.8840354014545866","0.11622278687140404","0.8970112727729653","0.08808531393836194","0.015080683230489722","0.4117647416176473","0.2000003110998989","0.28646189982581305","0.3931194339646134","0.19090142124732296","0.33333322000002763"
"0.18171160609613127","0.9028571428571429","0.28099173553719003","0.7868783263614665","0.7322191780864196","0.0","0.0","0.18185136341778652","0.10641818627814464","0.9158028157328181","0.5106054012459667","0.10640485644311055","0.8927440904102356","0.07451546778164382","0.044371228656566744","0.013912917797192713","0.0035578940841567235","0.5143277049920159","0.05368413949732407","0.052401728976966044","0.08099417367818722","0.013159064539811461","0.9377147163774053","0.10812610513301588","0.9274384070037118","0.038163984445042945","0.004802340945994565","0.44117650191176494","0.2000003110998989","0.24682087571679023","0.3346295628707632","0.145733013174119","0.24999992031251894"
"0.08616647127784288","0.5428571428571428","0.44077134986225897","0.5471220587160408","0.6543209876543208","0.0","0.0","0.24258689752742577","0.30376728772859785","0.8547753246815895","0.34350125808448423","0.24865586393841133","0.7788352347371028","0.2141521040752987","0.04535639209015681","0.06622273213648092","0.0036798980139355264","0.7904005108213248","0.05714903138688347","0.1539740763981224","0.010006337518685182","9.783687804779007E-4","0.9211183084689931","0.09047358661276661","0.8668601042970995","0.07974689402609805","0.013048748174019131","0.9117647116176469","0.2000003110998989","0.3392801044579148","0.03263717528487142","0.005866701278473619","0.33333322000002763"
"0.08147713950762014","0.5028571428571428","0.721763085399449","0.8688551838285639","0.5715009901234567","0.0","0.0","0.24527486800751516","0.27840159945739473","0.60512170366233","0.24414636671292833","0.28598721774338404","0.6287666540808411","0.206661320980807","0.2083843531191176","0.06254804112536272","0.0496061495684454","0.5418771873241839","0.0728614390537988","0.14950102476014546","0.1003965062328839","0.018086579045579133","0.8363147699047135","0.02377888226498843","0.6797383359167141","0.10437083427489986","0.019413656951504342","0.44117650191176494","0.2000003110998989","0.29876427702665254","0.45330238014002505","0.24333830878058274","0.33333322000002763"
"0.19988276670574437","0.5714285714285715","0.5619834710743801","1.0","0.7314814814814814","0.0","0.0","0.15605782617297567","0.11642944796005424","0.8367491779862155","0.45265695585260424","0.11627539829269998","0.8306478813207067","0.09082677867406702","0.07040210228937045","0.018258337924622246","0.007409120137701684","0.34808502767864086","0.016792271547414205","0.0","0.07519634971189637","0.011819772778168768","0.9645370655278481","0.17518409845883137","0.9177911509342893","0.07282691717231433","0.011458427761186395","0.0882352883823529","0.3000002626499141","0.21710921701125052","0.6668504761094469","0.47852553702381717","0.24999992031251894"
"0.06037514654161781","0.8714285714285713","0.35812672176308546","0.6234430965343201","0.8656717935185192","0.0","0.0","0.28107805536338415","0.2511359032006981","0.9266956963338647","0.5762407456578128","0.24990154265429487","0.902995763535322","0.19119069284641654","0.0535426451263683","0.05527042899574175","0.004765960142962213","0.6015560879595051","0.07716033318748217","0.15733461721584147","0.07166043665648178","0.011033057612953279","0.985023983921139","0.1954210751043278","0.9512293911173838","0.1022017813949903","0.01880872388635222","0.8823529513235294","0.10000035954988284","0.297465618282339","0.04996179286885541","0.009708611850217402","0.24999992031251894"
"0.10902696365767878","0.7228571428571428","0.46005509641873266","0.8305339050354972","0.8765432098765431","0.0","0.0","0.19032758732040056","0.20542010632545674","0.916591611820626","0.4861718839396514","0.22645391031353812","0.8663436853575067","0.1411479762883453","0.04152479340978025","0.03460619715756286","0.0032158854852965303","0.39609982104427355","0.06133787162185937","0.08432618995776595","0.08615721618297911","0.014403296652493491","0.9793346753275177","0.10793899694530787","0.9318482241502135","0.041274934349539105","0.0053105057026307636","0.3235294457352944","0.2000003110998989","0.2520152047215021","0.5325160645335514","0.32173405152832757","0.33333322000002763"
"0.1559202813599062","0.8028571428571428","0.4104683195592287","0.8270991242915642","0.7438271604938271","0.0","0.0","0.185649133726578","0.14912327866158215","0.8914444800407163","0.4254026325720661","0.15690171398130173","0.8529467120515659","0.09631760124345805","0.04633656251568573","0.019826160078666725","0.0038031377744652856","0.4367419549114644","0.12083942565651302","0.028971882135375892","0.11929324540596546","0.023545255499254746","0.9801299221873824","0.08497878635058376","0.9222000886094008","0.02682641718856731","0.003099261635444961","0.7058823670588236","0.3000002626499141","0.43381705367464996","0.2204163937394319","0.07460574988643","0.24999992031251894"
"0.17291910902696364","0.7571428571428572","0.4132231404958677","0.8860416644127271","0.765432098765432","0.0","0.0","0.10268181252771653","0.07136722306313452","0.9192359547837109","0.43698974565567644","0.10375434343605651","0.8716761318725863","0.04192961454691838","0.02129428971895308","0.006629920165087242","0.001234485557254593","0.5313596256354791","0.04203122379497302","0.028012497432861584","0.03365606184804078","0.004016109023588133","0.985394006882536","0.08057382527170738","0.8983041762354095","0.014193129563181462","0.001476772913294333","0.235294104852941","0.3000002626499141","0.2883755912015431","0.5175464538635863","0.3061587383996366","0.24999992031251894"
"0.12368112543962483","0.6857142857142856","0.4793388429752068","0.8123634892612737","0.9197530864197527","0.0","0.0","0.18402298351078328","0.16450170756010893","0.8942728226420282","0.49215453023896977","0.19733925007546343","0.8781605516480168","0.11790191180132563","0.06198014600912771","0.02650200113669176","0.0060203614647586804","0.5191182455531861","0.04236631557486899","0.06438976244454872","0.07149457533030708","0.010996714210800996","0.9773287442775412","0.10161331313113978","0.9175757923001905","0.04947111257202055","0.006733555923224888","0.0882352883823529","0.2000003110998989","0.13081391645469775","0.6483195781142561","0.45516256733078075","0.24999992031251894"
"0.20281359906213364","0.8542857142857142","0.4242424242424243","0.7828922192006926","0.8549382716049383","0.0","0.0","0.19455269097604858","0.11083048855654393","0.922255482480313","0.4345975490512618","0.1257434167297495","0.8839832162756104","0.03663237117555487","0.015651609028154125","0.005622054364471915","8.223573975956969E-4","0.5164540996315086","0.039229061028022726","0.0347099610499777","0.04720393573517123","0.006215565610429241","0.9569874527615204","0.05920626236836091","0.8966188354239228","0.021615288936609023","0.002394845868512796","0.4117647416176473","0.10000035954988284","0.1585168654013982","0.34102552252203255","0.1504056071127263","0.16666662062501114"
"0.12954279015240328","0.6142857142857142","0.5426997245179064","0.4071335259282787","0.9166666666666665","0.0","0.0","0.15708177970517634","0.1760281838583864","0.858786107293213","0.4717568561726619","0.1937307059157076","0.8499767446352084","0.11519164547662528","0.10671463219717392","0.025618855713485173","0.014960506749707492","0.5372150893099656","0.06880078883420629","0.0627441388787541","0.10851941698470009","0.02035327753385614","0.8868393949473241","0.11794136043066832","0.9137947122768727","0.12045026755412094","0.024164773794429984","0.7352941348529413","0.10000035954988284","0.21993231442250671","0.13947780014555072","0.037796093192290214","0.16666662062501114"
"0.14243845252051582","0.8057142857142857","0.24242424242424243","0.8643060648923706","0.9545493419753086","0.0","0.0","0.21325335053074956","0.21514234618824454","0.9267274707446788","0.7194752330023957","0.16648407278913205","0.9853497479530751","0.10195136212124788","0.09459461459941973","0.02148978708768729","0.012157858571645265","0.6300609980846674","0.04517892241190582","0.09375845861432586","0.03316389968077971","0.0039425053459638095","0.8734026256677282","0.12791282723838884","0.878262926437924","0.1315609181086077","0.02772228870961353","0.5294117902941178","0.6000001682999452","0.6947562258319948","0.4206138890477981","0.21426439094035948","0.5833334590624686"
"0.12661195779601406","0.6485714285714285","0.5206611570247937","0.7607887666552564","0.8796296296296293","0.0","0.0","0.27096645852613643","0.11575366676640886","0.8879444526137819","0.4852008277208567","0.14981867932225956","0.8649213434693268","0.04900808967223675","0.059496029262656736","0.008053550584602562","0.0056368137318353545","0.6142134279011912","0.12434735113726866","0.07698153054199519","0.0719156548368181","0.011089078758271143","0.8531719086213332","0.10939001739155971","0.9004725881084731","0.09864579111202909","0.017835486641356278","0.5294117902941178","0.10000035954988284","0.1974744581073251","0.2710155621064968","0.10367966772665324","0.16666662062501114"
"0.12778429073856973","0.6828571428571429","0.4049586776859506","0.8197313067764194","0.7160493827160495","0.0","0.0","0.21431045217454986","0.1666148847934814","0.875165144866887","0.46214176368550514","0.2027723114077099","0.8326515852116266","0.09770173137318307","0.06242525473132657","0.02022972711491944","0.0060903412360129","0.5929218328154476","0.053290016364459805","0.07881508590721423","0.05426041287768681","0.007493667558835959","0.9139575355197266","0.0963604709895712","0.8733581255258793","0.08206688032423397","0.013601400473224955","0.5588235505882354","0.2000003110998989","0.2969309729832368","0.30723236770417256","0.12704263741968977","0.24999992031251894"
"0.1670574443141852","0.8685714285714284","0.2727272727272727","0.5250186061706046","0.9290123456790123","0.0","0.0","0.270658362714046","0.08500346305298145","0.9525464247038768","0.5676101662767858","0.11185821018471921","0.9579922795723049","0.016044716543466203","0.032687947474718676","0.0021725864780690607","0.0022534834053125814","0.5093116483282423","0.00921343984549967","0.035560874441111424","0.033953961834950606","0.004060874959837335","0.9712707362332769","0.1605200648359401","0.9092361659719692","0.057680206226898","0.0082812457250796","0.5588235505882354","0.4000002396999216","0.5428982131147739","0.3128365836108896","0.13067687714971768","0.24999992031251894"
"0.09378663540445487","0.5571428571428572","0.443526170798898","0.17948622216209031","0.6729022367283954","0.0","0.0","0.10565678499066522","0.17144652574952635","0.8462522203834122","0.4651427564697232","0.20502153415489516","0.7926456331954462","0.13210173109245735","0.09171164261795493","0.031339726177177944","0.011532828707473236","0.5557621023280424","0.09501581750560853","0.10117001120716589","0.09857190603151204","0.017593965410949507","0.8718450305970825","0.11263223031049137","0.8685657126990514","0.11481099674721915","0.022444985497057333","0.6764706067647058","0.10000035954988284","0.25201514909013056","0.20792590839066422","0.0683756246349536","0.16666662062501114"
"0.07737397420867526","0.6028571428571429","0.4931129476584024","0.8462804562035888","0.7175287317901233","0.0","0.0","0.49515139801187624","0.1996926232458231","0.8409735531557837","0.3099011170240168","0.262753390598311","0.7855459182309813","0.062018132900077544","0.05341766577343748","0.010899460989392974","0.004748409519920897","0.35307482063133333","0.3168466610205219","0.10474027568078781","0.2550947940295481","0.08191983661875435","0.8386145976190637","0.11450564520969238","0.8532686114704282","0.12696623219292896","0.02622390808223294","0.235294104852941","0.2000003110998989","0.13514256568215366","0.6113841036699119","0.40999415925757665","0.33333322000002763"
"0.07502930832356389","0.5714285714285715","0.4573002754820936","0.8049956717461288","0.7098765432098766","0.0","0.0","0.6297754708437125","0.19099500846148967","0.8864874674588189","0.28439976376695775","0.2665668964474439","0.7990847296068185","0.003202162123276066","0.0","3.975159680719662E-4","0.0","0.5722104225633077","0.3185772311070282","0.09945600609144822","0.2485400850148876","0.07833021270680351","0.8585796432113127","0.027702358844623288","0.8519152823101104","0.07814732116923935","0.012673406302840019","0.7058823670588236","0.2000003110998989","0.2753896991505487","0.21249417870065257","0.07045233305211239","0.24999992031251894"
"0.09320046893317702","0.7285714285714285","0.2396694214876034","0.6650071389583667","0.8641975308641974","0.0","0.0","0.19148443014405397","0.2314695044988476","0.9497950215299196","0.6687676118755013","0.1897834830493163","0.9548801915274799","0.14630778577267098","0.07750929238537944","0.03653364688586524","0.008687309671189868","0.6248183107672315","0.07931550718340503","0.1332686310698179","0.05917233094899652","0.008436912913034434","0.9817867803231977","0.14276673402067935","0.9260629393488419","0.0737101964584241","0.011656573277062243","0.9117647116176469","0.3000002626499141","0.476593990398805","0.05734980862025854","0.011525731715231358","0.33333322000002763"
"0.07033997655334115","0.7371428571428572","0.2837465564738293","0.8197313067764194","0.7808641975308639","0.0","0.0","0.1021788180853924","0.4154915876278923","0.8548379039437742","0.5772260822122296","0.2898513267265084","0.904375081682009","0.34077735810627857","0.13307695728332408","0.1432410452180388","0.022033028983474433","0.6842644502468207","0.08811124798760091","0.22608630475270988","0.051773107179040954","0.007032797826365655","0.9417024923263014","0.14361090575591312","0.8238366010173321","0.10807295602815378","0.02046590637793626","0.9411764794117645","0.5000001912499368","0.663167119589481","0.10860892847024509","0.02658186773963268","0.5833334590624686"
"0.11313012895662367","0.7028571428571427","0.3608815426997245","0.9669590444567815","0.9290123456790123","0.0","0.0","0.2645650233725506","0.2088934227630268","0.9373155480815405","0.5955414011519097","0.21868718188085862","0.9306518493494828","0.16454163300393548","0.05639088834316528","0.04371918100483512","0.005174084849703795","0.13764621244914987","0.06405894670132142","0.004597972248593596","0.17729871981403802","0.044366499924198874","0.970471329781732","0.15178321831497993","0.9024852497513567","0.0837280335838754","0.014003120268610747","0.2647058651470586","0.8000000713999764","0.6747045376117873","0.7007804730802547","0.5231176585112596","0.5000001593749612"
"0.0984759671746776","0.6857142857142856","0.253443526170799","0.8672812485475259","0.8171439466049382","0.0","0.0","0.24514672233329524","0.1727733728552883","0.9390775977232865","0.5536722895142215","0.21270557741389462","0.92965281202827","0.0976887647303858","0.04544321435834878","0.020225930869604416","0.0036907397841223427","0.5481643313379849","0.06676036115945524","0.09017975724247158","0.09566093934178391","0.0168206127008804","0.9855070393142497","0.23121018893689022","0.8956867142883368","0.07469686099648616","0.011879587969956607","0.5588235505882354","0.5000001912499368","0.5588058648149881","0.38702510630206877","0.18622882730871565","0.41666685968745254"
"0.00351699882766706","0.7628571428571428","0.30027548209366395","0.7976278542309831","0.8580246913580245","0.0","0.0","0.9510947974656735","0.5815389285987906","0.9482386868197709","0.5737753820272716","0.6576748143574768","0.93054187752873","0.2619301064127537","0.05604440879923066","0.09197773981691702","0.005123603475267446","0.7432264548099909","1.0","0.7483878723969474","0.9999999999999998","1.0","0.9480106144489444","0.13700053563160158","0.9990085490667606","0.11063864235095311","0.021209763628107135","0.9117647116176469","1.0","1.0","0.3597181160568498","0.16442338892854821","1.0"
"0.1107854630715123","0.6657142857142856","0.3085399449035813","0.9273534298179289","0.8888888888888888","0.0","0.0","0.2129843118296415","0.20298416148097334","0.943993977959623","0.5722472813248737","0.2237435584797623","0.9285147155354538","0.13238266020857772","0.046553238244626045","0.03143900510242041","0.003830630666393263","0.20716840955331522","0.06882568633467771","0.04880782677644815","0.12849581778320865","0.026439251423116338","0.9408045133553007","0.08775991915831272","0.9082996836906483","0.054894786540209586","0.007742370382431041","0.3529412135294121","0.5000001912499368","0.5247179920590668","0.5605674434150396","0.35184632357713025","0.41666685968745254"
"0.09378663540445487","0.9371428571428572","0.3223140495867769","0.7234846961161487","0.8294851043209874","0.0","0.0","0.18588369091462237","0.1409997106407646","0.9332247961781286","0.4934816464480038","0.16074932406313944","0.907331453697161","0.0891935109192918","0.030558962537744445","0.01780219207504757","0.0020440913528511737","0.5197131262480545","0.047437586904628404","0.09569159896131171","0.07395045482083003","0.011539969968138487","0.9297610476354614","0.16060169478794267","0.895608140115986","0.10360372526410452","0.019198738413681672","0.5588235505882354","0.4000002396999216","0.5315355888628002","0.37061474183581716","0.17273022259718343","0.33333322000002763"
"0.14243845252051582","0.6714285714285714","0.6501377410468319","0.7140608662831678","0.7832197024691356","0.0","0.0","0.10531735071838841","0.12926438602351772","0.8524936215015051","0.4306895717723744","0.14142769068724942","0.7926320884190888","0.09173173469923844","0.06419102455853863","0.018513093250733144","0.006371712267988769","0.4470147565467869","0.03212449967410409","0.04073668832465618","0.06919625740428721","0.010498269991949005","0.8883859745247346","0.10745427835115104","0.8889125315754558","0.08040693982371713","0.013204984292527833","0.5000000300000002","0.0","0.0556688395724203","0.258579264071912","0.09589201116230774","0.0833332996875078"
"0.11957796014067996","0.5685714285714286","0.36914600550964183","0.5102829711403141","0.8179012345679011","0.0","0.0","0.20018610291050692","0.19486951592305832","0.9165613455996618","0.48465500947338985","0.16522789407230506","0.8934262674388925","0.11804404928450495","0.039282702788779864","0.026548672641026786","0.0029574722540679794","0.5766244169463657","0.03912924330414658","0.09376643438094039","0.04171130253835855","0.005283531168648636","0.9651203868552791","0.09051627167464468","0.8886782603892632","0.05608987907875296","0.007971849092539163","0.8823529513235294","0.2000003110998989","0.303685094391696","0.040761064169538314","0.007631903433058605","0.24999992031251894"
"0.10199296600234464","0.6971428571428572","0.15426997245179064","0.8197313067764194","0.824074074074074","0.0","0.0","0.183295490172047","0.2261380922632444","0.9678803075953467","0.6258767505308096","0.2204873852453772","0.9781985489555798","0.17017133349455638","0.04320732825332772","0.04605559183542122","0.0034161626938400877","0.6519429055782028","0.03381046202007063","0.10936622434904017","0.03422680118463548","0.004102016906781003","0.9674221874834982","0.14391081210143358","0.9374771444408369","0.06912306284189515","0.01064298579953098","0.5000000300000002","0.10000035954988284","0.18383940357828887","0.3408954383118768","0.1504056071127263","0.24999992031251894"
"0.10375146541617819","0.7257142857142856","0.46556473829201117","0.8411053527556733","0.680848863271605","0.0","0.0","0.3584769945330844","0.14852823262070938","0.8187352692165545","0.4300018530548929","0.17124570361231184","0.810364219414575","0.04876497933423343","0.11239022583467945","0.008003197922802355","0.016370153716627683","0.6287774708741598","0.27059098817431043","0.11119610757922586","0.1690119723292974","0.0410164664677513","0.9174848132183203","0.1452228778190255","0.8465691509159544","0.1038412862611934","0.01926518080481223","0.4117647416176473","0.10000035954988284","0.1557669510598032","0.391426457900529","0.18934388993445386","0.16666662062501114"
"0.12309495896834699","0.7285714285714285","0.5316804407713498","0.8565703943521461","0.7067901234567899","0.0","0.0","0.10296254449925353","0.18042369965229008","0.8065785923096633","0.4410991376482683","0.2241538900311172","0.7597072356806815","0.12533683447043958","0.11149571318582494","0.028990867675707487","0.016143867179666413","0.4937639273083251","0.1099602136989537","0.08788420902712257","0.11452708281823706","0.022107082531102586","0.9073822458797993","0.09759494313828672","0.8555773067205259","0.11347477624795603","0.022045954316047833","0.235294104852941","0.2000003110998989","0.21792733196558167","0.5868001683000053","0.3814394185216432","0.16666662062501114"
"0.13071512309495895","0.4685714285714285","0.7438016528925622","0.7352307507758589","0.8001801290123454","0.0","0.0","0.10621208571260674","0.1840345920452392","0.77856057609864","0.4224884388964645","0.21419797674671548","0.7457982289617919","0.14710072634365337","0.10255597704963416","0.03683399186422146","0.01396698630620558","0.6005811465787472","0.09669827539829016","0.09448615158150506","0.09273753865468101","0.016059500725237274","0.8690042090914584","0.16833867655322976","0.848567631544482","0.14909134451873585","0.03379167443844615","0.8823529513235294","0.3000002626499141","0.46376094554194935","0.06887819065562664","0.014536958920111621","0.33333322000002763"
"0.020515826494724505","0.5942857142857142","0.6308539944903582","0.7092140440492392","0.6450617283950615","0.0","0.0","0.5602233446838452","0.511228391448239","0.688443804263627","0.0","0.5087387033821976","0.529847444187497","0.3115778449037242","0.07363907318561833","0.12298470711117465","0.007979213477059603","0.8638839892665477","0.5189055059519385","0.4896739324035286","0.4210412337968972","0.19888692133452318","0.1200316617375947","0.05505924470241128","0.4671523178725767","0.7194644951395466","0.5360262476773017","0.9117647116176469","0.2000003110998989","0.3247359220502126","0.05545867383071315","0.011058472321370628","0.24999992031251894"
"0.08147713950762014","0.12857142857142856","0.8044077134986227","0.49554733611002355","0.6265432098765431","0.0","0.0","0.33061197518371066","0.26818801390077096","0.686316001471466","0.43702761741561014","0.31599673853149046","0.6039848223647426","0.12717804361767857","0.1848842598545262","0.029622204692818486","0.03982995350370817","0.5754665189782211","0.23629401977819095","0.1697219240047631","0.18307970735574983","0.04677766035974536","0.8016084703819906","0.11248146242378651","0.7940299458135963","0.2109614861875529","0.05967711289201292","0.7058823670588236","0.2000003110998989","0.28837550775448495","0.1979743054103471","0.06318385359205658","0.16666662062501114"
"0.07854630715123093","0.7285714285714285","0.3719008264462811","0.8270991242915642","0.7314814814814814","0.0","0.0","0.09877269212080454","0.32908920567751854","0.7633891815033348","0.6069921220257936","0.26945800468192693","0.8302156263736946","0.4022943759146927","0.2425001522695547","0.19081329677849074","0.06569049858740757","0.48741188785789996","0.19573828287352152","0.15884588000122485","0.20183375462609873","0.05501902111342556","0.7867013917823124","0.19948770958533765","0.8487053394708415","0.2710171885187255","0.09145833819725287","0.9117647116176469","0.6000001682999452","0.7818377923824968","0.16486266313098363","0.04812771756765526","0.5000001593749612"
"0.0890973036342321","0.45999999999999996","0.6253443526170801","0.9410376699209912","0.6473948160493828","0.0","0.0","0.44503057058615114","0.21907572532174888","0.7672887025622016","0.2874261258792761","0.2705407892742237","0.7115367519003581","0.10046238718150052","0.10385444672546218","0.02104468375413235","0.014273621564332133","0.12487130570216887","0.22491741218124908","0.07250151527110456","0.21717074020068558","0.06223527306417811","0.8368762492275146","0.2428527424336701","0.8623488816756201","0.19006122962492705","0.05015456117503643","0.0882352883823529","0.10000035954988284","0.026580697282502896","0.7005960282753316","0.5228705302096177","0.24999992031251894"
"0.007033997655334114","0.6285714285714284","0.4352617079889809","0.8769092398670697","0.7012847148148147","0.0","0.0","0.6050738705521516","0.7193102286528286","0.7032839564260452","0.38489006036481643","0.6232618330364138","0.6593510649486636","0.5436433230830514","0.24624335441220793","0.3252810736485892","0.0675916841838388","0.865286952843356","0.38236653234232865","0.7163908475060133","0.2745363446715673","0.09302741697002563","0.7618887263988303","0.031045504394031996","0.5487172282575873","0.19647616290606829","0.052992873415839005","0.4117647416176473","0.5000001912499368","0.2675982195513251","0.7806987658387428","0.6356383931468621","0.41666685968745254"
"0.07561547479484174","0.5399999999999999","0.4049586776859506","0.8934094819278728","0.5771604938271604","0.0","0.0","0.11030967014462971","0.28829768881406004","0.7972696114392144","0.4294926620502829","0.3203350308898071","0.7508714498775435","0.23247015793558937","0.11866947748025908","0.07562368417459729","0.018001985411232817","0.11979094680502211","0.17112853473774042","0.09249559295639251","0.23208601465779544","0.06966432187701824","0.9467792432035671","0.11633548629640682","0.8518102740811724","0.10476064820069345","0.019523279785697234","0.1764705767647058","0.3000002626499141","0.17410007494102242","0.7295286379460368","0.5623471996884937","0.24999992031251894"
"0.043962485345838215","0.33999999999999997","0.669421487603306","0.8049956717461288","0.4166666666666665","0.0","0.0","0.42647192649857485","0.5455137430309306","0.4775808715590983","0.23008582496965257","0.4769878681039954","0.4359822392996402","0.30254477617886033","0.27147021617406375","0.11702129533773914","0.08110793162322356","0.7132790304358079","0.2809474017735875","0.3582732848661558","0.22617029930210605","0.0666692840855438","0.6830477922962325","0.03453324589051778","0.47018747019463875","0.26744661296170213","0.08938550356609909","0.5294117902941178","0.10000035954988284","0.1429339340186342","0.3744836269527453","0.17584528522292164","0.16666662062501114"
"0.0767878077373974","0.2542857142857142","0.8512396694214877","0.8575183524892793","0.875181033333333","0.0","0.0","0.49446093843050837","0.2742036330042328","0.7443953994107986","0.26303212100213336","0.32081610757442897","0.6845620803911925","0.12390412695378232","0.10254021447819243","0.028503718460031014","0.013963283889346713","0.5457983359300105","0.38926180602810545","0.18706403982722591","0.2786901177146992","0.09548992099553547","0.7097973320809249","0.12316168885361103","0.8160014717070314","0.24751243123611041","0.0782389063642012","0.8235294232352942","0.3000002626499141","0.5013434976300202","0.1427914447612811","0.03909403595301446","0.41666685968745254"
"0.12133645955451347","0.2571428571428571","0.950413223140496","0.805199833969473","0.6795219138888888","0.0","0.0","0.15873599125486476","0.2296652465600355","0.775844276211554","0.2622483214041871","0.22013069058428725","0.6473911867393962","0.16095968338835315","0.05446069253650952","0.04226156893805266","0.00489580153458337","0.6365856306618757","0.06865970954656024","0.10106027026201492","0.035432471271223065","0.004285446685106909","0.7846592450830204","0.10066007107471778","0.8171540841414467","0.17873288370122511","0.04532497133236966","0.9117647116176469","0.2000003110998989","0.4185074670374398","0.02364606658395571","0.0040495814134596676","0.33333322000002763"
"0.1535756154747948","0.08285714285714285","0.9586776859504131","0.9597818986911113","0.782394409259259","0.0","0.0","0.2130856186908665","0.30952045825230734","0.6660678330523726","0.436773472071229","0.29419499464096216","0.6493359638415124","0.22637825462077302","0.22100706000166864","0.07243192626502336","0.05529615964334924","0.015754811064625618","0.15223268100619136","0.04442735956042938","0.2556964994942712","0.0822532792172412","0.8047634151514991","0.2558059174153599","0.8287016772560734","0.2696632381593696","0.09066959859832621","0.0882352883823529","0.4000002396999216","0.34961407682881607","0.69509709270083","0.5155278084236484","0.33333322000002763"
"0.21219226260257912","0.0","1.0","0.9670876570793263","0.6666666666666665","0.0","0.0","0.1094327938816056","0.16786981133879744","0.7550413724828151","0.416250389039558","0.1532183608154475","0.7232267281357304","0.12246698303845543","0.12990834774351265","0.028018679614654176","0.02111221225135887","0.35158341237247503","0.03365947323160068","0.006622340786206049","0.08271242648683792","0.013567748849079209","0.909498097824273","0.14567884749773877","0.8986980368267272","0.11422936976235643","0.022270897237703126","0.1764705767647058","0.2000003110998989","0.183334493247437","0.5776192678504188","0.37105587643584914","0.24999992031251894"
"0.07502930832356389","0.68","0.5013774104683195","0.8270991242915642","0.7777777777777777","0.0","0.0","0.10993939429672428","0.23993621298007248","0.8179762276358215","0.4370052475536723","0.27173642833967476","0.7850031668575166","0.16898252616595041","0.09957170339747042","0.04555758661290856","0.01327454819615661","0.478266414902247","0.20204411429005736","0.09271436721955384","0.19616735256302814","0.05246136741572656","0.9047993274368616","0.1446016854881093","0.8764020817325564","0.11688079820687877","0.02306949079133531","0.4117647416176473","0.10000035954988284","0.13514245441940975","0.4489498441576309","0.23918489194626513","0.24999992031251894"
"0.049824150058616644","0.41714285714285715","0.8732782369146008","0.6472792276730663","0.7812223080246912","0.0","0.0","0.8552321724603077","0.27634539266599967","0.7116284904564933","0.1438274794107178","0.36581772887147185","0.5883400595259942","0.018122538578108797","0.10212753303442194","0.002486980383008049","0.013866520871403408","0.3523221415570051","0.5955288944315869","0.17767937634977118","0.533393753768638","0.30657395630107065","0.09007509201589137","0.22310849557648313","0.7602578661775982","0.7510917927931686","0.5811794510411634","0.9117647116176469","0.10000035954988284","0.31151398608848613","0.027652214678108175","0.004828347069894217","0.24999992031251894"
"0.11840562719812425","0.5771428571428571","0.5977961432506889","0.8078980097895121","0.7153105558641975","0.0","0.0","0.10620619952889741","0.16758107039023118","0.7942667007651277","0.42983196433755017","0.19096303640364054","0.7717324685971392","0.13355707514504306","0.11054760723254578","0.0318555370772606","0.01590570457983755","0.4916701600728766","0.08633609019489974","0.07930517213193458","0.09000549422477802","0.015362289771722538","0.9383089216934666","0.18386029963287792","0.8684329931952058","0.14969875514281297","0.034011985109156484","0.3235294457352944","0.4000002396999216","0.39139665841264026","0.507153579497877","0.29525601920955286","0.41666685968745254"
"0.13774912075029308","0.6657142857142856","0.253443526170799","0.7902600367158374","0.7037037037037037","0.0","0.0","0.27132878962341256","0.16599907707368985","0.9022017686397265","0.6037220420731894","0.17750658927101787","0.8886185574509299","0.08680169315435037","0.10385463964868366","0.017142642391879126","0.01427366736140073","0.5243925536387204","0.02269953988807929","0.046531001532507596","0.05480224061250052","0.0075955578912333625","0.954117374386181","0.09789272636598279","0.876751871466199","0.06684807322698268","0.010154485247246292","0.5588235505882354","0.5000001912499368","0.4701774679703776","0.33545630929336695","0.1467713673826984","0.41666685968745254"
"0.07268464243845252","0.6571428571428571","0.5482093663911844","0.867167924146325","0.8966569311728398","0.0","0.0","0.30516831119587307","0.21397465764814305","0.839896304255705","0.4470609506421655","0.2804754785168893","0.820540133685548","0.11753107702265435","0.1279939580486052","0.026380402715959355","0.020565245418466657","0.5651339362343988","0.1398752004466311","0.11757815857691796","0.14577144978967338","0.032288911824662134","0.8772899548031332","0.1030303879612132","0.8291147641688845","0.10580850804208977","0.019819326370136992","0.235294104852941","0.2000003110998989","0.19327921290954997","0.6571986732945334","0.46606528652086443","0.33333322000002763"
"0.04806565064478311","0.4971428571428571","0.6859504132231407","0.7755244016855469","0.6975308641975309","0.0","0.0","0.46767580587284713","0.3230583772653369","0.7256194434296619","0.09789248022212778","0.38115879793394075","0.6296729181577336","0.17269571070000878","0.07909107977240747","0.04712130743781854","0.008985014573585503","0.5275561785827529","0.5347238889712999","0.2815070889391499","0.4308293352503827","0.20735365924056418","0.0","0.257610836272556","0.6600697043518804","0.7847966356442662","0.6312999928879507","0.2058823370588233","0.3000002626499141","0.18838454228927226","0.7267295624029058","0.558465831656824","0.41666685968745254"
"0.15826494724501758","0.5885714285714286","0.6501377410468319","0.9337256194166166","0.7067901234567899","0.0","0.0","0.09877791758191468","0.15085293715074527","0.7750639367111516","0.50578384394642","0.1559985854273267","0.7808703165068083","0.09947647479765147","0.19822968217072598","0.02075210321477105","0.04525129886178242","0.37001227436393613","0.18010617091464148","0.03586596819507495","0.15054993207106096","0.0340029844772876","0.5933357197078175","0.26986601546285616","0.9046843703600193","0.2678459402377447","0.08961617506946995","0.1764705767647058","0.2000003110998989","0.2364321898916808","0.5406783969535887","0.33004088519696284","0.24999992031251894"
"0.017584994138335287","0.6285714285714284","0.5840220385674932","0.9350783065054928","0.6220573141975301","0.0","0.0","0.6005896587881321","0.6052683535924914","0.6617046501776358","0.011167546210513392","0.5583278417665617","0.5294008207433887","0.39761578100041295","0.12674815431769224","0.18696192461844005","0.02021309201668715","0.9444457247910263","0.34800274162058564","0.5422415397678159","0.2636845817754739","0.08674250702409783","0.4633842334166081","0.0","0.5172248607236748","0.42853395599886646","0.20596306608521225","0.9411764794117645","0.5000001912499368","0.6065288477313171","0.12845814515165008","0.03359075864754364","0.5833334590624686"
"0.0890973036342321","0.8714285714285713","0.3526170798898072","0.779838781955708","0.8024691358024691","0.0","0.0","0.2150282151990097","0.22880602362094107","0.8930237366102354","0.5031573522261201","0.2380003876244125","0.8782701810695684","0.16836641265377678","0.07081220683329346","0.04530046518962983","0.007480231635822419","0.38166130838991014","0.06712878492497865","0.0912602989057465","0.12560879410275408","0.025514732661963448","0.9675051820601976","0.18474439136769427","0.9386048337853621","0.12402775678760332","0.025285755335854355","0.7941176629411764","0.5000001912499368","0.5708677197796623","0.21544524607068327","0.07200986436498151","0.5833334590624686"
"0.09378663540445487","0.7857142857142857","0.27548209366391196","0.8418347593218556","1.0","0.0","0.0","0.18419664220151555","0.2402823995674919","0.9675255353233777","0.78659750488254","0.2545663225675026","1.0","0.1870617244957716","0.10199924849536801","0.05339910768876143","0.01383650828429054","0.4154291474750025","0.059592709603285866","0.10582240248894008","0.09822923623486757","0.017502126708761966","0.9630976489030519","0.1646458386908168","0.9691218280086767","0.11506735406299465","0.022521911708579978","0.4117647416176473","0.6000001682999452","0.5938026985554599","0.5619452220960768","0.35340385488999937","0.6666667799999724"
"0.13012895662368112","0.7200000000000001","0.20936639118457312","0.9243746433000082","0.776292777469135","0.0","0.0","0.15886527368329237","0.2695311074302216","0.8826885968260256","0.8014440004701008","0.15477527767384586","0.9245500914745144","0.20700287385321384","0.18031408677429656","0.06271345134788564","0.03805220919631873","0.19168065842265924","0.1511827089651681","0.03244602443870903","0.21207120306080435","0.05978829638770922","0.8573411529948315","0.22117576833978983","0.8713247742301095","0.17436497519003705","0.04352512070042529","0.5294117902941178","0.7000001198499604","0.6538930082992556","0.4194833322519799","0.2132260367317801","0.33333322000002763"
"0.14126611957796012","0.6657142857142856","0.20385674931129483","0.8695953842474058","0.9382716049382713","0.0","0.0","0.10301323322750972","0.2146538522951004","0.9772670096723755","0.6003695739819754","0.1754578652693966","0.9866641451979009","0.20720333951305933","0.015614977351542112","0.06281062990890837","8.198821515846793E-4","0.49638764389314605","0.02076187508971028","0.08387749094795752","0.043735297277542974","0.005620580866723746","0.982956037106176","0.23784543201491964","0.9262303670148924","0.06893838493018647","0.010602979708280636","0.8529411835294117","0.5000001912499368","0.6156189582591702","0.13567441508953074","0.036290479589850086","0.41666685968745254"
"0.08382180539273151","0.8857142857142858","0.14325068870523427","0.7758400905626193","0.783762425617283","0.0","0.0","0.2667220944501143","0.17951314500867072","0.9330397838963804","0.632885138790108","0.18357877234898212","0.9552235581241697","0.11483633146557258","0.0658683623740416","0.025504031695701344","0.006644550702202396","0.5797392534205988","0.18349547934536523","0.1313625509981625","0.12395819981967278","0.024992984513940986","0.9610637721246127","0.6959617055527203","1.0","0.3100524820024081","0.11563112910080867","0.7647058951470588","0.6000001682999452","0.7174279847719145","0.25299465362560286","0.09277694853656954","0.5833334590624686"
"0.0","0.5114285714285715","0.834710743801653","0.7460531316249659","0.8734567901234565","0.0","0.0","0.5622998706007734","1.0000000000000002","0.3560004640230443","0.1561369247368892","1.0","0.192446674134378","0.7901125952207041","0.4514187270760414","0.6453440447268368","0.21305950569495072","1.0","0.825109436685177","0.9999999999999998","0.7714236783919831","0.6107270778775341","0.1246022165143269","0.3529304491823427","0.15708505551391272","0.9999999999999998","1.0","0.9999999999999999","0.7000001198499604","0.7974207793966324","0.1629878662251114","0.04760854046336556","0.8333334006249835"
"0.08382180539273151","0.3628571428571429","0.7630853994490359","0.9067573590579165","0.8007335898148153","0.0","0.0","0.1468283854370221","0.2912902673325214","0.6487990795701878","0.6481082184338016","0.296704170708754","0.6948323627268673","0.271383901404171","0.3251752729234638","0.09754859913199704","0.11396263088491375","0.026440516563558836","0.13057267897646518","0.11052083981425147","0.1987850859638442","0.053635665204004736","0.7227434994511824","0.9999999999999998","0.9237249108129045","0.5807515865020447","0.35946528774660336","0.11764704867647048","0.5000001912499368","0.44836120826666637","0.7720503566250576","0.6229398403530404","0.5000001593749612"
"0.07854630715123093","0.7399999999999999","0.3085399449035813","0.8882748572693853","0.9043209876543208","0.0","0.0","0.2554287463241607","0.20073947913141452","0.9612774564025703","0.5691041192395703","0.244222887205479","0.9470544316856161","0.13123706724410977","0.037248432457915044","0.031035027482163788","0.002731384708877522","0.38450399765151455","0.08872842905302089","0.10289826238853302","0.13091897934314617","0.027226953144687194","0.9740480910185108","0.0970513566854895","0.9125710478558531","0.04501816219746422","0.005945269414580956","0.44117650191176494","0.4000002396999216","0.4156368882503161","0.4907426456811336","0.2791615289765721","0.41666685968745254"
"0.06565064478311841","0.52","0.4573002754820936","0.8704740922677141","0.8541841861111106","0.0","0.0","0.49896139385763566","0.27679285998999503","0.896269154024484","0.44333920325391757","0.3100440838637578","0.8506654608875305","0.10775155247889001","0.043296118436423274","0.023260749956470827","0.003426883040718385","0.3505197026208767","0.5050722317067049","0.19176386829484482","0.40742412993430455","0.18739854003236095","0.7761028298629844","0.13148416438618682","0.8734071383760578","0.17081656972992448","0.042088486333787235","0.588235318382353","0.4000002396999216","0.461786588155225","0.386179348523918","0.18519047310013625","0.33333322000002763"
"0.0902696365767878","0.84","0.1763085399449036","0.8713060293824366","0.6728395061728394","0.0","0.0","0.27166461077762283","0.19342369420911787","0.9206196147907154","0.5340311156354554","0.24785955793470693","0.906294556831521","0.12683765509373843","0.06348197119963472","0.029505039742500013","0.006258005191083866","0.48470396902158797","0.07873566743795975","0.0919952998564482","0.1022843711280188","0.01860266043445451","0.9621746959525131","0.08585034292750535","0.8969102252702246","0.06113358949233465","0.008968928406736331","0.588235318382353","0.9000000484499839","0.8753358535457414","0.5148013428453153","0.30304367577389835","0.7500000796874797"
"0.02403282532239156","0.6485714285714285","0.9228650137741048","0.8829846316727963","0.9284626524691357","0.0","0.0","0.5918324567628747","0.5388694832373004","0.5705244723869698","0.2102737317299594","0.5833405426323007","0.44265061910554315","0.3431811307523983","0.274950198891281","0.1449752499177793","0.08306861976401175","0.44164015715024785","0.22403559478101007","0.39456317640918337","0.29880909550903917","0.1078622134175907","0.742097578062152","0.1454904556411273","0.505673787061391","0.31595546847165984","0.11952767247279619","0.235294104852941","0.3000002626499141","0.08839352119268806","0.8722475524055564","0.7778347718865598","0.41666685968745254"
"0.0902696365767878","0.4514285714285714","0.8650137741046833","0.8713060293824366","0.7530864197530862","0.0","0.0","0.17437938575465983","0.22331590651323094","0.7197555861498985","0.2358074120712798","0.2668606662495736","0.6584093630927488","0.1694162442649176","0.1474466970438094","0.045738988750642605","0.026451537194903795","0.4188854309488422","0.1296860306261281","0.0920642630267082","0.14827432854017003","0.03318152007643978","0.3513899585832993","0.16737011571567764","0.7989217419207504","0.44844892988783214","0.22365146181597123","0.5294117902941178","0.3000002626499141","0.347461198369845","0.3622297686191782","0.16650009734570703","0.41666685968745254"
"0.0973036342321219","0.32285714285714284","0.8898071625344355","0.8934094819278728","0.7592592592592591","0.0","0.0","0.24355705545465361","0.23288894738822993","0.7153303304318138","0.3483142819216616","0.26697092127703737","0.6742404561002725","0.14776825182050218","0.1670407446558521","0.03708768826734784","0.033117000189573156","0.3797716471813544","0.0967450213380264","0.09906721300396662","0.15507284609813404","0.035663722848462864","0.48967243649708325","0.18077318729869737","0.852229030224039","0.3655421963960092","0.15476047240750074","0.11764704867647048","0.3000002626499141","0.14935059552549124","0.6995910256401052","0.5215243039781945","0.41666685968745254"
"0.027549824150058612","0.6685714285714285","0.6639118457300275","0.8123634892612737","0.0","0.0","0.0","0.0","0.8901910042046274","0.0","0.35839108110694207","0.5692651445750294","0.0","1.0","1.0","1.0","1.0","0.4256975089453488","0.45858213600461994","0.5846069469431366","0.5596696657589926","0.3350784023188426","0.15859678098004626","0.2094927763279116","0.0","0.9324148618488636","0.8751414460890331","0.0882352883823529","0.3000002626499141","0.13081397208606926","1.0","0.9999999999999999","0.16666662062501114"
"0.03048065650644783","0.6514285714285714","0.5399449035812673","0.8033111086850999","0.8108729611111105","0.0","0.0","1.0","0.309263065077083","0.8030771482443397","0.29987816616407753","0.4199527054631675","0.7495918450867312","0.0010180951664155874","0.09505033690641852","1.2443516627739883E-4","0.012258123905927641","0.39086531299497507","0.6164949536736356","0.22643890916684098","0.6158046729609276","0.4001903817293101","0.5170742267960827","0.22497654091487157","0.799141818808154","0.4652591742036559","0.23914333791783376","0.14705881647058816","0.2000003110998989","0.021732812645945287","0.8931964571843851","0.8123699136868063","0.33333322000002763"
"0.08147713950762014","0.9028571428571429","0.13774104683195598","0.8270991242915642","0.7160493827160495","0.0","0.0","0.21316584913155417","0.2547800229166428","0.8553813599969915","0.9999999999999999","0.25420419377318976","0.9398113973554288","0.16342776584999782","0.3051142344878451","0.04326350006538385","0.10104041510590024","0.24452286218406558","0.11221722494300206","0.0866178683198962","0.19705259254084906","0.0528570824531374","0.7873812961910558","0.5417324153250024","0.8064270678352028","0.37598876850601526","0.16275304190938442","0.5000000300000002","0.4000002396999216","0.394659744343806","0.4652241338563799","0.25424102797066644","0.41666685968745254"
"0.19519343493552166","0.7599999999999999","0.18457300275482091","0.9597198395641815","0.9104938271604937","0.0","0.0","0.15501581330548364","0.1925829861614793","0.9104803624262631","0.7062219092175619","0.11297400214795787","0.976763512417323","0.15247811808797523","0.09533162079062335","0.038899919229848604","0.012320209862215851","0.3854043182667975","0.05577499574619997","0.01498176124627797","0.10014092719662263","0.018017211220939622","0.9074040796438418","0.17490441137086","0.9287606657093029","0.11869015554262789","0.02362179330354248","0.14705881647058816","0.9000000484499839","0.7215382530491974","0.7471953856667597","0.5871498474917255","0.5833334590624686"
"0.09495896834701054","0.6971428571428572","0.2920110192837466","0.8934094819278728","0.5925925925925926","0.0","0.0","0.11449642177068017","0.24081926540540224","0.8661673796929483","0.42187673041770957","0.25502178472946424","0.8229123434053965","0.19368335415095947","0.05440075161689914","0.05641462936330623","0.004887274451891426","0.3512380824080228","0.1033241215045225","0.08950823766406772","0.1319497865351702","0.027565284321555784","0.8974133773319702","0.0855445979238354","0.8668921340346227","0.10452997583075505","0.019458377117629856","0.3235294457352944","0.3000002626499141","0.28837556338585735","0.5555136161531566","0.3461353754299435","0.33333322000002763"
"0.05978898007033997","0.6457142857142858","0.28099173553719003","0.8524403863474834","0.891975308641975","0.0","0.0","0.12108931759867649","0.2849824723238591","0.9536001861800102","0.5931549928834889","0.31740548185128376","0.9653982785011985","0.21239222214097317","0.036770581335989774","0.06535055208963124","0.0026794320684867126","0.36018351203448534","0.21989567828653472","0.11201142654253368","0.2648867752497133","0.08742819752227131","0.9880092649420681","0.2019292875761336","0.9449625708248451","0.07264290762373884","0.01141732750495823","0.8823529513235294","0.7000001198499604","0.7883307245001507","0.2124928667190848","0.07045233305211239","0.7500000796874797"
"0.09261430246189917","0.7114285714285714","0.23140495867768607","0.9007772994430185","0.9506172839506172","0.0","0.0","0.3675981291570583","0.20107438833241978","0.9999999999999999","0.6427537646759645","0.22039339306054623","0.9918789656525699","0.09816218618290769","0.022761936820486297","0.020364725908069595","0.00135172342795202","0.44751312107463226","0.19909983278513604","0.05944908237151969","0.1846085228675319","0.047425490220353694","0.9712609414589486","0.15858580703360198","0.9382338833124001","0.0686977171679315","0.010550937788538217","0.14705881647058816","0.7000001198499604","0.5315355332314278","0.7860190986394529","0.6435137906418326","0.5000001593749612"
"0.08792497069167643","0.6657142857142856","0.1460055096418733","0.8870795614982683","0.8634634135802468","0.0","0.0","0.3228177816436518","0.18766903305386792","0.9272236503085055","0.6901491527922539","0.23049044608246763","0.9795237992084982","0.10177854854407","0.11247417618067994","0.021437927883253216","0.01639146985581574","0.3404531102732908","0.11639915522342532","0.09057409829749616","0.12050065319554122","0.023916159692424978","0.8685615494718533","0.4657106459849155","0.9160678691270032","0.2778136824723418","0.09546796027168983","0.5588235505882354","0.6000001682999452","0.6883396755878808","0.4428160827849477","0.23399312090336813","0.5000001593749612"
"0.06565064478311841","0.7628571428571428","0.23140495867768607","0.8574859782991187","0.7883871574074068","0.0","0.0","0.10245139371956846","0.33257708340393455","0.8807228817734161","0.6949526286405906","0.27021420626902165","0.9276264490903683","0.33654482867836866","0.15441890340985803","0.14021212691289583","0.028738623989293773","0.629442999503229","0.12598985424006343","0.1950314116801631","0.13513102345532166","0.02862164035497905","0.9353653105822309","0.2571334499356356","0.9776965840328506","0.18619655251705874","0.04848072598892905","0.9117647116176469","0.8000000713999764","0.8645476510237371","0.18020445574189847","0.05487701992342138","0.8333334006249835"
"0.08733880422039857","0.7685714285714286","0.0","0.9135936327462479","0.6882716049382716","0.0","0.0","0.2943860729973903","0.2578427289016406","0.8961997555640284","0.891692307998178","0.22815567826958683","0.9968238504587059","0.1649306139603826","0.2088454736219646","0.04387882531850497","0.04980861371174782","0.1591654628166369","0.10572073699459765","0.09803790683439031","0.1541762120907136","0.03533153064858148","0.8883385583913389","0.4314055849104073","0.9323750158268298","0.2929784805896257","0.10471718338570879","0.3823529738235296","0.5000001912499368","0.44836120826666637","0.5391827379664123","0.32848335388409367","0.41666685968745254"
"0.04572098475967174","0.8571428571428571","0.3526170798898072","0.8825448319096818","0.8448994953703703","0.0","0.0","0.3748799259881537","0.34842389262505125","0.889130679275104","0.5787467196303594","0.34464711072109755","0.8861626570597217","0.22135464059793988","0.09549514062364425","0.06984887724270651","0.012356372536655181","0.3294183715779162","0.15484679084972033","0.21773747593962556","0.16611364826384412","0.03987432241631792","0.9018632627556549","0.26868307887671417","0.8397927246536087","0.1673354829169899","0.04070134694192733","0.0","0.3000002626499141","0.14293407309706385","0.975913775977266","0.9559981828801348","0.41666685968745254"
"0.040445486518171155","0.4714285714285714","0.2672176308539944","0.8123634892612737","0.5617283950617282","0.0","0.0","0.9223371481473259","0.2941387886349752","0.705106823842457","0.6294082684036502","0.3881285730977883","0.7763129268037704","0.002086977629114481","0.33234289892596736","2.570350346669147E-4","0.11876747150208074","0.5096575174912645","0.780302947399093","0.26138672611107033","0.6897917162502795","0.49478307772691216","0.7439862965734645","0.3413983484214075","0.7023146920108627","0.32447499077620384","0.125263056243337","0.9411764794117645","0.9000000484499839","0.9461677745376216","0.24124991840341053","0.08602764618080341","0.5000001593749612"
"0.045134818288393906","0.6257142857142858","0.3112947658402203","0.8995721160607966","0.7062232876543209","0.0","0.0","0.5310673883859431","0.3677534378008027","0.8840309969531281","0.4849514255357035","0.372360998790522","0.8491279986844309","0.20868543453346955","0.06609256282166745","0.06353128479282692","0.006681429848333428","0.11158428236621032","0.31930489174908233","0.2235352693828208","0.32393465701816787","0.12434934726511848","0.9176502680092734","0.23019665936880043","0.8545754232102194","0.18329687577454562","0.04724266994417361","0.47058826220588257","1.0","0.9461677745376216","0.7106745221521775","0.5364610292686092","0.8333334006249835"
"0.07737397420867526","0.6457142857142858","0.3856749311294765","0.8418347593218556","0.6728395061728394","0.0","0.0","0.1176203066452694","0.3189098845588594","0.8334230398945557","0.41504924211990024","0.36290192887845835","0.7970556749915154","0.26048806032527305","0.09495611461327477","0.09114176846944341","0.012237360883382644","0.27282154514245477","0.22860711412620174","0.16295468122075857","0.23697159974676246","0.07218591250560333","0.8162910625355351","0.24454486306833637","0.8223740182429429","0.17951594079415578","0.045651305449751337","0.3529412135294121","0.5000001912499368","0.45199724691467047","0.6558821369229015","0.46450775520799525","0.5000001593749612"
"0.10785463071512306","0.6828571428571429","0.2341597796143251","0.893860075543647","0.6567006052469135","0.0","0.0","0.11038917672475207","0.17909717660071042","0.909515339290381","0.4695964421260073","0.19368079403800165","0.8889624931297238","0.12537541042882272","0.034434427029779474","0.029004034070832276","0.0024317696747339504","0.39851218705801766","0.12117349776091677","0.06582694715108488","0.10713670386375185","0.01995893788413845","0.969718743417409","0.16007108178491225","0.9059146037890635","0.07640926722858339","0.012270841889437278","0.2058823370588233","0.5000001912499368","0.5022601079282012","0.6561030696680283","0.465026932312285","0.41666685968745254"
"0.04337631887456037","0.6742857142857143","0.303030303030303","0.8729069456112146","0.6605130419753085","0.0","0.0","0.37302211403594676","0.37302224085697594","0.8994438102082236","0.3777643544175387","0.37330668593095717","0.8223920858639266","0.24353342088424837","0.018886654034584643","0.0815866366884952","0.0010511405815264879","0.4243184901770497","0.2547388278203672","0.2745325259491732","0.23123156633660047","0.06922778636200703","0.8043501357259657","0.042667141277784995","0.8144532556955586","0.15147275333718566","0.034659262103906484","0.3529412135294121","0.2000003110998989","0.22226582794585337","0.6099917446654148","0.40843662794470764","0.41666685968745254"
"0.13364595545134816","0.7485714285714286","0.24242424242424243","0.9376163870187453","0.7438271604938271","0.0","0.0","0.23388733383442364","0.13472756256555848","0.8250521123387593","0.6505298862903469","0.14818280020236663","0.9085113067105209","0.07346451001137015","0.16896152916060717","0.013648947397577212","0.0338101853613164","0.4974683953732222","0.13975353428349013","0.028826551474115815","0.121500645960674","0.024225359656130773","0.8487529572079296","0.32557125187920277","0.8930843567678274","0.1986585812081007","0.0539755456651136","0.2941176329411763","0.9000000484499839","0.7319721115482443","0.619998896450221","0.42037770134337077","0.8333334006249835"
"0.14009378663540445","0.6942857142857143","0.2644628099173554","0.482744494017445","0.837393866666666","0.0","0.0","0.23710739051157773","0.17762581867387872","0.9140827854403774","0.8113505682433197","0.10899964502192758","0.9270930655385513","0.10276940069269862","0.12102049895172778","0.02173598147730125","0.018632490876305603","0.40497541159093964","0.12706027885591667","0.0877107296997492","0.16880460631370334","0.04093424110243271","0.9611342714795756","0.19676029726308855","0.9758551089217177","0.10394706343030613","0.019294798164509696","0.6470588464705885","0.4000002396999216","0.49614914080962347","0.23603256377858017","0.08343176065935491","0.41666685968745254"
"0.038100820633059786","0.6885714285714285","0.46005509641873266","0.7976278542309831","0.824074074074074","0.0","0.0","0.4000828127935288","0.42003543829459583","0.8732664259446403","0.4581047530136696","0.40252105463727106","0.8104092862401214","0.2935311661130855","0.07272808006276361","0.11121345634790901","0.007816730381084271","0.0","0.3681571916442101","0.24389294613122442","0.4094806552394747","0.1891119078035212","0.5813461601576196","0.2358913745824168","0.8592505189817402","0.3748595582522903","0.16187953189471696","0.44117650191176494","0.3000002626499141","0.2420987179805998","0.5336354076001211","0.32277240573690696","0.41666685968745254"
"0.010550996483001167","0.9742857142857143","0.2975206611570249","0.5765933287766227","0.9320987654320985","0.0","0.0","0.48849863321015585","0.4774109880863969","0.9532164976625184","0.703344243340547","0.49736272891492167","0.9727067639945234","0.3778274405516141","0.10942362041112458","0.17109717572336858","0.015625602719459713","0.6031027472294845","0.2826370270569637","0.45127478689370737","0.34273030805120924","0.13743519925481604","0.8090646649439244","0.5408067741368274","0.9414552453926616","0.39029328965023646","0.174019071233564","0.9117647116176469","0.4000002396999216","0.48381252249941387","0.15009549369235156","0.04200142773703679","0.5000001593749612"
"0.05920281359906213","0.7885714285714286","0.34435261707988984","0.8418347593218556","0.7839506172839505","0.0","0.0","0.4485348581948892","0.22723798658001673","0.8749606768848913","0.559122195698984","0.2781671633924181","0.8669785732658141","0.0882990701524866","0.11400131041111075","0.01755437266380126","0.01678159823197646","0.3695529010273471","0.33838753105007907","0.1364108798638525","0.3223387764402784","0.1232679254097155","0.9363553760493838","0.160714863323226","0.9079622853197931","0.1469773970198404","0.03303016424085046","0.3823529738235296","0.3000002626499141","0.23523347290688346","0.5362744709007314","0.32536829125835554","0.5000001593749612"
