"0.15571875870227814","0.616682231426239","0.3979218602180481","0.9658411741256714","0.7592631578445435","7.76620345277479E-6","3.302811137473327E-6","0.11685222387313843","0.1569349616765976","0.9565258026123047","0.5939668416976929","0.19442124664783478","0.9523575305938721","0.06685296446084976","0.06762667000293732","0.03769693523645401","0.022091809660196304","0.50706946849823","0.018546361476182938","0.04310823231935501","0.12516354024410248","0.0046267262659966946","0.9985263347625732","0.10829219222068787","0.9010902047157288","0.03417709842324257","0.0035874287132173777","0.15963944792747498","0.3492722511291504","0.2559982240200043","0.45135506987571716","0.3658413887023926","0.20731958746910095"
"0.1634872406721115","0.5474236011505127","0.5328815579414368","0.9814192056655884","0.5542240738868713","5.180075277166907E-6","3.3475839700258803E-6","0.21814951300621033","0.13400264084339142","0.9396902322769165","0.6758580207824707","0.22043921053409576","0.9237891435623169","0.163457453250885","0.07027707993984222","0.02945554442703724","0.01070457324385643","0.5037241578102112","0.021571433171629906","0.03258032724261284","0.08224305510520935","0.01477091759443283","0.9984112977981567","0.09455803781747818","0.9524665474891663","0.05332670360803604","0.005613519810140133","0.07971487194299698","0.2643211781978607","0.19013239443302155","0.6366971135139465","0.42641621828079224","0.1567804217338562"
"0.17179922759532928","0.5347296595573425","0.63761305809021","0.9794220924377441","0.7689573764801025","1.5405280464619864E-6","1.3511745464711566E-6","0.14020685851573944","0.11877163499593735","0.9272522330284119","0.44836869835853577","0.1406354457139969","0.9238810539245605","0.1097048670053482","0.04969267174601555","0.017273161560297012","0.003497686702758074","0.4784550070762634","0.038245927542448044","0.0163728017359972","0.10415445268154144","0.009725513868033886","0.9986037611961365","0.054945945739746094","0.9633094072341919","0.04288352653384209","0.003883780911564827","0.1442718803882599","0.4139990508556366","0.32977405190467834","0.5220839977264404","0.3440694212913513","0.16420625150203705"
"0.1136990413069725","0.6125394105911255","0.6917943954467773","0.967124879360199","0.6981068849563599","3.820325673586922E-6","5.5651717048021965E-6","0.10597018897533417","0.08425038307905197","0.9124809503555298","0.4150068461894989","0.09763168543577194","0.7648837566375732","0.113121397793293","0.05163512006402016","0.04111321642994881","0.005125321447849274","0.4935716688632965","0.011071444489061832","0.011561821214854717","0.057562846690416336","0.01071239821612835","0.9971503615379333","0.10250221937894821","0.9491783976554871","0.04805900529026985","0.011669827625155449","0.06832495331764221","0.39290851354599","0.25926846265792847","0.5439414381980896","0.45733505487442017","0.3031123876571655"
"0.11970756202936172","0.6470507383346558","0.45735761523246765","0.9803768396377563","0.8403470516204834","2.204936208727304E-6","4.798429017682793E-6","0.21640095114707947","0.14966976642608643","0.9776641726493835","0.5353712439537048","0.10850360244512558","0.9600999355316162","0.062280621379613876","0.09066623449325562","0.01767699047923088","0.00525593850761652","0.46275240182876587","0.03254995867609978","0.027164801955223083","0.07084345817565918","0.003863345365971327","0.9991782307624817","0.06616900861263275","0.9664150476455688","0.11615321040153503","0.004931382369250059","0.05163681507110596","0.4287072718143463","0.23980392515659332","0.5913159251213074","0.4287480413913727","0.14890658855438232"
"0.23297002911567688","0.5434480905532837","0.5009321570396423","0.9811710119247437","0.6733733415603638","2.7443816179584246E-6","1.416556301592209E-6","0.2347782999277115","0.09426668286323547","0.8570125699043274","0.3390081226825714","0.14195625483989716","0.8991734981536865","0.041072163730859756","0.04142552241683006","0.020238831639289856","0.00929945893585682","0.3734765648841858","0.01420272421091795","0.028782587498426437","0.06978444755077362","0.004036020487546921","0.998496413230896","0.10912823677062988","0.9441332817077637","0.07968910038471222","0.0036039657425135374","0.10099463909864426","0.11729171872138977","0.1748439073562622","0.5536511540412903","0.4233967363834381","0.24473105370998383"
"0.17894522845745087","0.5335379242897034","0.39962127804756165","0.9672517776489258","0.7641323208808899","9.965801837097388E-6","3.725662281794939E-6","0.12740333378314972","0.22150100767612457","0.886989176273346","0.3875029385089874","0.20440727472305298","0.886389434337616","0.055368099361658096","0.024449331685900688","0.025923699140548706","0.014854847453534603","0.5478413701057434","0.01792922057211399","0.06009266898036003","0.14660991728305817","0.004532535094767809","0.9971867203712463","0.09938130527734756","0.8440449833869934","0.03848154842853546","0.007375758141279221","0.11931739002466202","0.2731446325778961","0.20280012488365173","0.4749337136745453","0.49510449171066284","0.3167690932750702"
"0.23312264680862427","0.4122079312801361","0.590644359588623","0.9508717060089111","0.7837828993797302","3.27373381878715E-5","5.6754703109618276E-5","0.21878449618816376","0.10250145941972733","0.9259763956069946","0.31239697337150574","0.11746354401111603","0.849187970161438","0.1008250042796135","0.0794728472828865","0.022191576659679413","0.0049348678439855576","0.34272879362106323","0.045326367020606995","0.03769652172923088","0.11576801538467407","0.03348886966705322","0.9933677315711975","0.13468165695667267","0.9233496785163879","0.10316003113985062","0.014150544069707394","0.08487839251756668","0.315451979637146","0.4044203460216522","0.6208085417747498","0.5925476551055908","0.37072327733039856"
"0.17007917165756226","0.6060642600059509","0.6411877870559692","0.9873347282409668","0.7793325781822205","1.3040636304140207E-6","2.170778770960169E-6","0.13521544635295868","0.17699003219604492","0.9426055550575256","0.5618457794189453","0.16182473301887512","0.9308874011039734","0.060183629393577576","0.05319603532552719","0.031605783849954605","0.004404480569064617","0.5087944269180298","0.017160439863801003","0.023815659806132317","0.056823328137397766","0.00585699500516057","0.9991878867149353","0.09833424538373947","0.9630215167999268","0.05685390532016754","0.005495382472872734","0.1224336177110672","0.23295311629772186","0.2854882776737213","0.5442249178886414","0.3311612010002136","0.21281860768795013"
"0.24237975478172302","0.7078526020050049","0.6563534736633301","0.9401575326919556","0.6543796062469482","4.906466074316995E-6","1.548133514006622E-5","0.11541185528039932","0.06587979197502136","0.9549910426139832","0.30924269556999207","0.0908450335264206","0.8958135843276978","0.1007564589381218","0.046814169734716415","0.04009078070521355","0.005261451471596956","0.35928264260292053","0.01728999614715576","0.013815957121551037","0.1043369397521019","0.014263404533267021","0.99765944480896","0.1878778040409088","0.9732435345649719","0.09618029743432999","0.013169743120670319","0.03878548741340637","0.3773926794528961","0.2195487916469574","0.638225257396698","0.4461287558078766","0.24659843742847443"
"0.1851385533809662","0.7905926704406738","0.6385977864265442","0.969343900680542","0.7167035937309265","2.6323184556531487E-6","2.4845642201398732E-6","0.09793364256620407","0.13586467504501343","0.9450778365135193","0.492680162191391","0.18439853191375732","0.8718779683113098","0.09033782035112381","0.045294858515262604","0.020076239481568336","0.007903345860540867","0.5489612221717834","0.020587338134646416","0.02710987627506256","0.053178828209638596","0.0054253144189715385","0.9986737966537476","0.1573120653629303","0.9364789724349976","0.03585555776953697","0.006651517003774643","0.16075073182582855","0.27152857184410095","0.18372082710266113","0.5167973637580872","0.4489922821521759","0.3494170606136322"
"0.31807515025138855","0.43331053853034973","0.7988128066062927","0.9847432374954224","0.7297288179397583","9.628200814404408E-7","9.135648610936187E-7","0.0805472880601883","0.09035199880599976","0.9596807956695557","0.3519155979156494","0.07909620553255081","0.8999754190444946","0.08691344410181046","0.03248026221990585","0.02011425793170929","0.0031707847956568003","0.31371980905532837","0.01389729417860508","0.02123359777033329","0.08235801756381989","0.007068278267979622","0.998872697353363","0.11643149703741074","0.9563536047935486","0.040029168128967285","0.008567689917981625","0.0794747993350029","0.3803059458732605","0.5691794753074646","0.6006339192390442","0.31496110558509827","0.21621772646903992"
"0.24756641685962677","0.374889612197876","0.6083986759185791","0.9653263688087463","0.7232474684715271","8.576662366976961E-6","5.974861778668128E-6","0.2388114333152771","0.09743886440992355","0.9516927003860474","0.37591609358787537","0.11172462999820709","0.9029903411865234","0.0952640101313591","0.060373466461896896","0.02375529520213604","0.017106134444475174","0.37552911043167114","0.01854541525244713","0.03252599015831947","0.0908375084400177","0.007270528003573418","0.9973003268241882","0.1052432656288147","0.9478548169136047","0.08163955062627792","0.008507645688951015","0.0896996483206749","0.2848503291606903","0.3058854341506958","0.5315265655517578","0.3580235540866852","0.23334814608097076"
"0.20748686790466309","0.5750341415405273","0.6424468159675598","0.9822332859039307","0.7415376901626587","1.9007198943654657E-6","7.663144970138092E-6","0.13895520567893982","0.0926608294248581","0.9529918432235718","0.4918808043003082","0.13048237562179565","0.9233769178390503","0.06577619165182114","0.1026156097650528","0.02194616198539734","0.006328403018414974","0.3421250283718109","0.025903429836034775","0.02382602170109749","0.07243497669696808","0.009074474684894085","0.9990911483764648","0.10400398820638657","0.9606067538261414","0.05338256433606148","0.005380766466259956","0.06175396218895912","0.1358761042356491","0.18773426115512848","0.6641288995742798","0.5227582454681396","0.2815675437450409"
"0.22112610936164856","0.6178354620933533","0.5206567645072937","0.974082887172699","0.7996305227279663","4.606158654496539E-6","3.0618582513852743E-6","0.16897234320640564","0.2020167112350464","0.9186542630195618","0.6452099680900574","0.18800289928913116","0.9348967671394348","0.08206485956907272","0.06338268518447876","0.03161916881799698","0.006449731066823006","0.5451645851135254","0.03181034326553345","0.04715944454073906","0.12056831270456314","0.009560785256326199","0.9987128973007202","0.10729295760393143","0.9334614276885986","0.04964113235473633","0.006142073310911655","0.22657182812690735","0.366849422454834","0.33309099078178406","0.6372249126434326","0.5698108077049255","0.28395774960517883"
"0.23066188395023346","0.47317782044410706","0.6477028131484985","0.9704127907752991","0.7568739652633667","1.1498675121401902E-5","8.967079338617623E-6","0.18530017137527466","0.11146727204322815","0.8950154185295105","0.37663644552230835","0.08998824656009674","0.9078637957572937","0.05105654150247574","0.05931764096021652","0.03239855915307999","0.005743361543864012","0.4653571546077728","0.031019479036331177","0.020731154829263687","0.092649906873703","0.030167892575263977","0.9966922998428345","0.14875566959381104","0.9493576884269714","0.12281305342912674","0.01060100831091404","0.12275607138872147","0.4138171374797821","0.45369189977645874","0.5745722055435181","0.5410890579223633","0.2699034512042999"
"0.21157561242580414","0.5725217461585999","0.578095555305481","0.9789407849311829","0.759826123714447","5.751950880039658E-7","6.71649388550577E-7","0.057627320289611816","0.1273374855518341","0.9370232820510864","0.31230443716049194","0.09213806688785553","0.8864615559577942","0.08121133595705032","0.033177606761455536","0.009750007651746273","0.0024250815622508526","0.3282688856124878","0.019598882645368576","0.00870467908680439","0.07284125685691833","0.007066176738590002","0.9995094537734985","0.07972168177366257","0.9059960842132568","0.0167696550488472","0.0025723713915795088","0.05770887807011604","0.3771040439605713","0.3509017527103424","0.5233990550041199","0.518733024597168","0.3578914701938629"
"0.15332093834877014","0.6409687995910645","0.3997732400894165","0.975126326084137","0.7367486953735352","3.6630422073358204E-6","2.2235185497265775E-6","0.23227068781852722","0.27023452520370483","0.8993489146232605","0.5205166339874268","0.1991838663816452","0.9268184900283813","0.11905846744775772","0.04268192499876022","0.022942984476685524","0.01153087243437767","0.46380579471588135","0.021625887602567673","0.055297307670116425","0.11902149021625519","0.007372187916189432","0.999336302280426","0.0822254940867424","0.905035138130188","0.04279494658112526","0.005221772938966751","0.1145949736237526","0.2505960464477539","0.20869499444961548","0.4996446371078491","0.4328029751777649","0.2215774804353714"
"0.212723508477211","0.7447605729103088","0.6012763381004333","0.9886325001716614","0.7496123909950256","4.4507021357276244E-7","2.6669945896173886E-7","0.20633794367313385","0.11277875304222107","0.957609236240387","0.4468275010585785","0.0487232506275177","0.9375799894332886","0.04297906905412674","0.021071670576930046","0.012886934913694859","0.001866310485638678","0.4495052695274353","0.02506408467888832","0.013149834237992764","0.05374583229422569","0.004405256826430559","0.999455988407135","0.09804908186197281","0.974643349647522","0.0549357645213604","0.0034846144262701273","0.10002424567937851","0.3988983929157257","0.2626109719276428","0.5751007199287415","0.3401520848274231","0.1974397748708725"
"0.2578962743282318","0.6652032136917114","0.5390487909317017","0.9829308390617371","0.7493417263031006","2.7515623060025973E-6","4.826217718800763E-6","0.219660684466362","0.15162838995456696","0.955330491065979","0.5508631467819214","0.1048569306731224","0.9375262260437012","0.0880109965801239","0.06564142554998398","0.024352828040719032","0.006240718066692352","0.4439355432987213","0.03359539434313774","0.03831662982702255","0.048555124551057816","0.007926207967102528","0.9990707039833069","0.0883142426609993","0.9700450301170349","0.09301487356424332","0.004851465113461018","0.18160249292850494","0.3274669349193573","0.4130910336971283","0.6049438118934631","0.4656122326850891","0.2192653864622116"
"0.282179594039917","0.6611694097518921","0.6099465489387512","0.9799280166625977","0.6202915906906128","6.383673280652147E-6","1.2267028068890795E-5","0.27359539270401","0.17977496981620789","0.958026111125946","0.6456663012504578","0.1231556162238121","0.9330649971961975","0.10681997984647751","0.08473043143749237","0.03561248630285263","0.0035523809492588043","0.46540218591690063","0.036720000207424164","0.05454760789871216","0.0830879732966423","0.017974792048335075","0.9987788796424866","0.09651864320039749","0.9513582587242126","0.062001217156648636","0.007869149558246136","0.20766949653625488","0.3378378748893738","0.48360955715179443","0.6897957921028137","0.34654751420021057","0.25569766759872437"
"0.1669408529996872","0.7030913233757019","0.6148217916488647","0.9681540727615356","0.7249385714530945","1.3408909580903128E-5","2.289936128363479E-5","0.24449072778224945","0.1632477045059204","0.9396282434463501","0.4481866955757141","0.17831484973430634","0.9386624693870544","0.12118943780660629","0.09620795398950577","0.029471611604094505","0.015462668612599373","0.5084267258644104","0.06116417050361633","0.06271559000015259","0.11853494495153427","0.011161725036799908","0.9975172281265259","0.1277601420879364","0.9650983810424805","0.10260485112667084","0.010913367383182049","0.14398497343063354","0.2731010615825653","0.19671206176280975","0.5324345827102661","0.3400909900665283","0.24189133942127228"
"0.13346891105175018","0.42109414935112","0.5366280674934387","0.974222719669342","0.8188856244087219","4.2796123125299346E-6","1.71840281382174E-6","0.10750243067741394","0.12545134127140045","0.9389898777008057","0.4954783022403717","0.16045600175857544","0.9394539594650269","0.08021917939186096","0.05487453192472458","0.02891838550567627","0.014994909055531025","0.5257357358932495","0.015377278439700603","0.02770993299782276","0.09047074615955353","0.009001352824270725","0.9983847141265869","0.07843370735645294","0.9244803190231323","0.072236068546772","0.007775311358273029","0.07088255882263184","0.46144750714302063","0.4844224452972412","0.4650641083717346","0.49741798639297485","0.24385590851306915"
"0.20681558549404144","0.4165611267089844","0.6425633430480957","0.9787443280220032","0.6918537616729736","2.7134719857713208E-6","2.2433055164583493E-6","0.0938730388879776","0.1618805229663849","0.7837783694267273","0.48500382900238037","0.19491517543792725","0.8858352303504944","0.0806485041975975","0.06823796033859253","0.0339709147810936","0.0030702706426382065","0.26981842517852783","0.015104473568499088","0.01340493280440569","0.14414824545383453","0.023025982081890106","0.9987607002258301","0.1418943852186203","0.9392118453979492","0.03501996025443077","0.0053741405718028545","0.07699591666460037","0.18168103694915771","0.31928932666778564","0.6475828289985657","0.5741130709648132","0.4189300239086151"
"0.23093299567699432","0.5638378262519836","0.6796608567237854","0.9564375877380371","0.6323588490486145","1.1808572708105203E-5","2.7126721761305816E-5","0.14141680300235748","0.1546621024608612","0.8813490271568298","0.37180042266845703","0.13732977211475372","0.8618426322937012","0.10910492390394211","0.07783173769712448","0.03829222545027733","0.008388473652303219","0.2923427224159241","0.025055700913071632","0.039537835866212845","0.141788050532341","0.017086584120988846","0.9960153698921204","0.15852420032024384","0.9074909090995789","0.07078482955694199","0.009587472304701805","0.1091347187757492","0.3392033576965332","0.3102112114429474","0.5719271302223206","0.6696051955223083","0.3407791256904602"
"0.15853524208068848","0.7247552871704102","0.607026219367981","0.9733656048774719","0.7858322262763977","1.0108008154929848E-6","1.0174625231229584E-6","0.08681410551071167","0.11494700610637665","0.94552081823349","0.5663349032402039","0.13145671784877777","0.9392337203025818","0.12891660630702972","0.06491686403751373","0.021473152562975883","0.003691461868584156","0.3815622925758362","0.01394746545702219","0.03100401908159256","0.07689756900072098","0.009604140184819698","0.999263346195221","0.10463786125183105","0.935488760471344","0.02266676537692547","0.00473042530938983","0.13932646811008453","0.35589829087257385","0.3802734911441803","0.5649011135101318","0.5927396416664124","0.40886110067367554"
"0.2163417488336563","0.4980279207229614","0.5995726585388184","0.9717541933059692","0.6849403381347656","2.7189116735826246E-6","2.132842155333492E-6","0.11879684031009674","0.14470823109149933","0.9352968335151672","0.44820699095726013","0.15250545740127563","0.9371939301490784","0.07511812448501587","0.04531612619757652","0.020195940509438515","0.004776808898895979","0.41729307174682617","0.029330288991332054","0.02984326332807541","0.09945887327194214","0.012433208525180817","0.9989190101623535","0.11035368591547012","0.9155839681625366","0.04319579899311066","0.0048361592926084995","0.19762155413627625","0.3790780007839203","0.3850981593132019","0.5145416855812073","0.3996342718601227","0.2782270610332489"
"0.2671931982040405","0.6801342368125916","0.6760427951812744","0.9820852875709534","0.7339435815811157","4.80423477711156E-6","4.225947577651823E-6","0.10849983245134354","0.15368127822875977","0.9491992592811584","0.3288634717464447","0.08676593750715256","0.8200904130935669","0.08440222591161728","0.027234865352511406","0.016651611775159836","0.002529736841097474","0.4313049018383026","0.025005070492625237","0.04586193338036537","0.0777544379234314","0.009847587905824184","0.9984208345413208","0.14022232592105865","0.9642274379730225","0.07486613839864731","0.007326922379434109","0.18740971386432648","0.4066285789012909","0.34829944372177124","0.5262219309806824","0.5236271619796753","0.25713053345680237"
"0.22346410155296326","0.4650658071041107","0.45992398262023926","0.9695605635643005","0.7850927114486694","2.436619070067536E-5","1.8654593077371828E-5","0.30143997073173523","0.19400662183761597","0.9016516208648682","0.3395037055015564","0.1988494098186493","0.7866222262382507","0.07346826046705246","0.03874726593494415","0.013284077867865562","0.009206964634358883","0.4209478199481964","0.06749545782804489","0.0684855505824089","0.1461692452430725","0.01351043488830328","0.99617600440979","0.1244358941912651","0.8846110105514526","0.07102352380752563","0.007834025658667088","0.15479959547519684","0.1335267722606659","0.21928027272224426","0.6455655694007874","0.38190758228302","0.21892233192920685"
"0.1304265260696411","0.7437243461608887","0.5712953805923462","0.9847009181976318","0.7675032019615173","1.3482758731697686E-6","1.4559523151547182E-6","0.18653234839439392","0.1409049779176712","0.9573632478713989","0.4820735454559326","0.16350103914737701","0.9427542090415955","0.12000738084316254","0.045152448117733","0.041958559304475784","0.00526348315179348","0.49291449785232544","0.009421712718904018","0.029827212914824486","0.07826163619756699","0.008963308297097683","0.9989145994186401","0.0656384602189064","0.9586613774299622","0.04657863825559616","0.007765245623886585","0.09203527122735977","0.22258497774600983","0.18390154838562012","0.5809347033500671","0.36187541484832764","0.23549281060695648"
"0.22020402550697327","0.405659556388855","0.6403425931930542","0.9743574857711792","0.7604169249534607","1.00702527561225E-5","9.5268933364423E-6","0.2570883631706238","0.10760985314846039","0.9270623326301575","0.35873380303382874","0.10310816019773483","0.8613648414611816","0.06435833126306534","0.036504969000816345","0.03568055108189583","0.00669551407918334","0.5072574615478516","0.029514838010072708","0.032866932451725006","0.06803365051746368","0.014953581616282463","0.9967851638793945","0.1341211050748825","0.9254179000854492","0.09712997078895569","0.008768272586166859","0.11214032769203186","0.31747710704803467","0.30016419291496277","0.601101815700531","0.4795133173465729","0.2936466932296753"
"0.1601841300725937","0.6686848998069763","0.6215193271636963","0.9676585793495178","0.755929708480835","3.961107267969055E-6","7.136807653296273E-6","0.13484594225883484","0.15321879088878632","0.916959822177887","0.4562637507915497","0.16655270755290985","0.8952687978744507","0.055972855538129807","0.046159256249666214","0.025258205831050873","0.005727030802518129","0.5436317920684814","0.04067457467317581","0.020176908001303673","0.11832767724990845","0.015151945874094963","0.9975047707557678","0.14206090569496155","0.9289208650588989","0.04482331871986389","0.005541414953768253","0.08792372792959213","0.3359676003456116","0.28929218649864197","0.5450665354728699","0.547191321849823","0.28280019760131836"
"0.18745075166225433","0.6967692375183105","0.6625712513923645","0.9840023517608643","0.6149479746818542","1.8450260768076987E-6","1.6467006389575545E-6","0.14113762974739075","0.09892016649246216","0.9367021322250366","0.4768873155117035","0.06124202907085419","0.8665975332260132","0.09205061942338943","0.05347457155585289","0.03513462096452713","0.00682228384539485","0.4039170444011688","0.01635422743856907","0.027182789519429207","0.0508926697075367","0.01141955517232418","0.998611569404602","0.22978095710277557","0.9557549953460693","0.06975218653678894","0.008634437806904316","0.08611780405044556","0.30283838510513306","0.1845756322145462","0.5369315147399902","0.357314795255661","0.16695882380008698"
"0.2403777837753296","0.466076135635376","0.603946328163147","0.9758919477462769","0.6547662019729614","1.1039385753974784E-5","7.877812095102854E-6","0.149081289768219","0.13927769660949707","0.9657511115074158","0.5210678577423096","0.09040915966033936","0.9291306734085083","0.0990399420261383","0.07126659899950027","0.028751906007528305","0.006204237695783377","0.43918418884277344","0.041347697377204895","0.04729142040014267","0.08134415000677109","0.01612216606736183","0.9966903924942017","0.1492004245519638","0.9242115616798401","0.06948638707399368","0.014244256541132927","0.0905461460351944","0.4797598123550415","0.3594817817211151","0.6222172975540161","0.46478071808815","0.288189560174942"
"0.20679795742034912","0.5289767980575562","0.5672892928123474","0.980994462966919","0.7763811945915222","6.889871201565256E-6","3.1546653644909384E-6","0.22399114072322845","0.126096710562706","0.9134289622306824","0.37499916553497314","0.13943494856357574","0.9011014103889465","0.07594510912895203","0.02749176323413849","0.019995419308543205","0.004435883369296789","0.5389028191566467","0.030842959880828857","0.020542945712804794","0.0832895040512085","0.014963248744606972","0.9980164766311646","0.10623964667320251","0.9547519087791443","0.07532010972499847","0.00416994746774435","0.1170855462551117","0.28709402680397034","0.32182520627975464","0.5586886405944824","0.3456319570541382","0.24447211623191833"
"0.2217944860458374","0.5379605889320374","0.5662092566490173","0.9695069193840027","0.6979975700378418","8.397583769692574E-6","1.880324816738721E-5","0.1806449592113495","0.15403713285923004","0.9247249364852905","0.49734529852867126","0.14381341636180878","0.9049543142318726","0.06679471582174301","0.07067570090293884","0.034361355006694794","0.007468868046998978","0.4361949563026428","0.04062998294830322","0.024407999590039253","0.1111721321940422","0.014971685595810413","0.9970904588699341","0.10304374992847443","0.9171962141990662","0.07071087509393692","0.008037748746573925","0.07753421366214752","0.3288772702217102","0.367848664522171","0.556359052658081","0.45817169547080994","0.26770901679992676"
"0.2604343593120575","0.5442036986351013","0.7009429335594177","0.9850360155105591","0.534401535987854","1.2426705779944314E-6","1.5446502175109345E-6","0.14505718648433685","0.08657956123352051","0.9465703964233398","0.5980793833732605","0.08950887620449066","0.9017130732536316","0.08346599340438843","0.039420370012521744","0.03198887035250664","0.002011023461818695","0.4656341075897217","0.009254957549273968","0.016984108835458755","0.03041072003543377","0.013060024939477444","0.9983009696006775","0.14167818427085876","0.9566888213157654","0.03353560343384743","0.0049484651535749435","0.11199000477790833","0.2984359562397003","0.24907520413398743","0.6545981168746948","0.5018691420555115","0.34150025248527527"
"0.20420648157596588","0.39269259572029114","0.4547979533672333","0.9693358540534973","0.6380267143249512","9.118213711190037E-6","1.0450879926793277E-5","0.24190646409988403","0.13458602130413055","0.9485073089599609","0.57157963514328","0.1059299036860466","0.9082493185997009","0.06398803740739822","0.07063507288694382","0.026570282876491547","0.010729690082371235","0.45895296335220337","0.03991010785102844","0.027387697249650955","0.09957647323608398","0.02354593202471733","0.9975384473800659","0.10330881178379059","0.908957302570343","0.06719549000263214","0.006785575766116381","0.06439866870641708","0.219816654920578","0.20820443332195282","0.6454435586929321","0.45166370272636414","0.22003963589668274"
"0.18457458913326263","0.6233659982681274","0.4725627601146698","0.978585958480835","0.7473838329315186","2.397311618551612E-6","1.8182223584517487E-6","0.1664612591266632","0.13861767947673798","0.9233835339546204","0.5475513339042664","0.15992379188537598","0.9463541507720947","0.08135237544775009","0.06140683591365814","0.02026388607919216","0.003559686476364732","0.31207048892974854","0.015652300789952278","0.023603003472089767","0.07972468435764313","0.016327740624547005","0.9992499947547913","0.08729510754346848","0.9606638550758362","0.05315062776207924","0.0030157179571688175","0.08735772222280502","0.32328468561172485","0.2951927185058594","0.55079185962677","0.5694455504417419","0.2531960606575012"
"0.13415127992630005","0.6620019674301147","0.5836499929428101","0.9869102835655212","0.6571931838989258","2.856626679204055E-6","2.63880065176636E-6","0.13266180455684662","0.11229753494262695","0.9268614649772644","0.4895421266555786","0.20045951008796692","0.9293699264526367","0.06222853809595108","0.029582303017377853","0.023790208622813225","0.00497725373134017","0.5929722189903259","0.01635771058499813","0.02088647335767746","0.0727371945977211","0.008157278411090374","0.9983312487602234","0.076064333319664","0.9680128693580627","0.07148057222366333","0.0047130584716796875","0.09443734586238861","0.2968410849571228","0.270015150308609","0.4741380512714386","0.3563534915447235","0.22888371348381042"
"0.17236603796482086","0.6430742740631104","0.5870897173881531","0.9851454496383667","0.7832058668136597","5.729662575504335E-7","8.554847568120749E-7","0.16432826220989227","0.10693877935409546","0.9291632175445557","0.512633204460144","0.14920596778392792","0.9515581130981445","0.10258942097425461","0.040627267211675644","0.008611256256699562","0.0035187220200896263","0.45416224002838135","0.028217926621437073","0.01721322163939476","0.059942182153463364","0.005770701449364424","0.9990956783294678","0.04798130691051483","0.9640337228775024","0.03151893615722656","0.002084708074107766","0.05327630788087845","0.29357990622520447","0.2966143786907196","0.5194973945617676","0.5187518000602722","0.21487967669963837"
"0.2167731672525406","0.5676171183586121","0.4114666283130646","0.9539026021957397","0.7659582495689392","1.0035710147349164E-5","3.415060973566142E-6","0.22481171786785126","0.2201598733663559","0.866127073764801","0.35204780101776123","0.16927039623260498","0.9152519106864929","0.14299485087394714","0.06483958661556244","0.03735402226448059","0.010273760184645653","0.30950891971588135","0.01249768864363432","0.06318394839763641","0.20244771242141724","0.011971228756010532","0.9983378648757935","0.07991012930870056","0.8591561913490295","0.04328437149524689","0.008780100382864475","0.20269575715065002","0.22236166894435883","0.38665246963500977","0.5198310613632202","0.48828718066215515","0.40948739647865295"
"0.27464863657951355","0.4915858507156372","0.6487438082695007","0.9685695171356201","0.7702072262763977","2.4320952434209175E-6","2.4577082058385713E-6","0.11114314198493958","0.11943662166595459","0.9340102672576904","0.22600822150707245","0.10484763979911804","0.8787835240364075","0.09923256933689117","0.040152132511138916","0.014313115738332272","0.007231733296066523","0.34559395909309387","0.022751513868570328","0.021890928968787193","0.0851236954331398","0.008088743314146996","0.9990218877792358","0.10223148763179779","0.9419651031494141","0.04762855917215347","0.005327167455106974","0.04181268438696861","0.2693937122821808","0.3495323956012726","0.5546277761459351","0.398330956697464","0.2882363200187683"
"0.20809496939182281","0.5877035856246948","0.5652174353599548","0.9904493689537048","0.8389054536819458","1.4398451639863197E-6","1.1541569620021619E-6","0.196517214179039","0.09584876149892807","0.9515975117683411","0.5025198459625244","0.15293721854686737","0.9459107518196106","0.07694639265537262","0.04332029074430466","0.015383344143629074","0.002077619545161724","0.3733614683151245","0.016241231933236122","0.02421715296804905","0.053626108914613724","0.008826752193272114","0.9988558292388916","0.060913968831300735","0.9714865684509277","0.05614199861884117","0.005075404420495033","0.0891810804605484","0.2306021749973297","0.33280423283576965","0.6222859621047974","0.46877533197402954","0.3404601216316223"
"0.22472374141216278","0.7668576240539551","0.6782698035240173","0.9772701263427734","0.7470330595970154","1.0639856782290735E-6","1.8581989706945023E-6","0.16163381934165955","0.1158025860786438","0.9259247779846191","0.44334298372268677","0.09892180562019348","0.9134054780006409","0.08667486160993576","0.05190788954496384","0.017934100702404976","0.0024790081661194563","0.3492668867111206","0.021581536158919334","0.029336852952837944","0.08268466591835022","0.005450745113193989","0.9992789626121521","0.08910050988197327","0.9750358462333679","0.050188977271318436","0.006730176042765379","0.050412531942129135","0.33396273851394653","0.3100757896900177","0.5668439269065857","0.2829417586326599","0.1868060678243637"
"0.2500848174095154","0.5701901912689209","0.6063873171806335","0.9712186455726624","0.6682224273681641","3.5104728794976836E-6","5.875693659618264E-6","0.15005406737327576","0.08891573548316956","0.8795881867408752","0.3922862410545349","0.14439192414283752","0.846998393535614","0.10309212654829025","0.06576064974069595","0.0298327449709177","0.004110409412533045","0.3440377414226532","0.018947001546621323","0.015267271548509598","0.05647310987114906","0.016654470935463905","0.9990649819374084","0.10949918627738953","0.968579113483429","0.06924210488796234","0.005027550272643566","0.07451517134904861","0.17973005771636963","0.24394840002059937","0.6465111970901489","0.3987918198108673","0.2905638813972473"
"0.15575756132602692","0.611082136631012","0.6186573505401611","0.9725065231323242","0.7090285420417786","4.955219992552884E-6","4.39603309132508E-6","0.16274473071098328","0.15584659576416016","0.9388676881790161","0.5354565978050232","0.11281763017177582","0.8931334614753723","0.08728127926588058","0.08534647524356842","0.029916394501924515","0.0063625965267419815","0.4719769060611725","0.021637989208102226","0.03695037215948105","0.05973992869257927","0.010576020926237106","0.9978165626525879","0.151778906583786","0.9315201044082642","0.05423840507864952","0.0069479793310165405","0.15589402616024017","0.3763276934623718","0.294024258852005","0.549397885799408","0.4679327607154846","0.2526644170284271"
"0.19810283184051514","0.7436142563819885","0.6249387860298157","0.9780516028404236","0.7683475613594055","2.2154117687023245E-6","3.097512944805203E-6","0.21386119723320007","0.13339558243751526","0.9282683730125427","0.4728866517543793","0.12006432563066483","0.8583801984786987","0.07160674780607224","0.024299493059515953","0.02784486673772335","0.0053896368481218815","0.5748282074928284","0.018412422388792038","0.028896914795041084","0.06860996037721634","0.007101600524038076","0.9989972710609436","0.11951253563165665","0.9602141976356506","0.04184556379914284","0.005993442609906197","0.12915991246700287","0.2531152665615082","0.16438007354736328","0.5848255753517151","0.3983911871910095","0.21186797320842743"
"0.28433099389076233","0.6593490839004517","0.6175004839897156","0.9775430560112","0.6317400336265564","2.33301761909388E-6","2.3589366264786804E-6","0.13871333003044128","0.12450335919857025","0.9316611289978027","0.5111886262893677","0.09026595205068588","0.8922163844108582","0.084995336830616","0.035981107503175735","0.03808864578604698","0.00455681886523962","0.3985743224620819","0.015123112127184868","0.03275644779205322","0.08104460686445236","0.008918060921132565","0.9988402724266052","0.11874044686555862","0.9389786720275879","0.03537974879145622","0.011038955301046371","0.11764370650053024","0.31861448287963867","0.39630070328712463","0.5190709829330444","0.2777232229709625","0.21059609949588776"
"0.1715906411409378","0.7636461853981018","0.44417503476142883","0.95611172914505","0.7548856735229492","7.270138212334132E-6","8.943175089370925E-6","0.26768261194229126","0.2156091332435608","0.9386011362075806","0.6035643219947815","0.1588100641965866","0.9125300645828247","0.1187836229801178","0.06536007672548294","0.03498975932598114","0.015339412726461887","0.5245338678359985","0.031412236392498016","0.08110206574201584","0.11971095204353333","0.007196550723165274","0.9984096884727478","0.10839703679084778","0.9439157843589783","0.0641823559999466","0.008222442120313644","0.1341094672679901","0.3263208270072937","0.22487373650074005","0.5710095763206482","0.3833402097225189","0.17892944812774658"
"0.2726629376411438","0.5064820647239685","0.7664387226104736","0.9713411331176758","0.6804169416427612","6.486680831585545E-6","1.0875402949750423E-5","0.139663964509964","0.11643613874912262","0.9059290885925293","0.4354707896709442","0.11948449909687042","0.8957217335700989","0.0822693333029747","0.07883303612470627","0.05513738468289375","0.0048227799125015736","0.3399834632873535","0.022852003574371338","0.022168252617120743","0.09981244057416916","0.015533560886979103","0.9957503080368042","0.15643273293972015","0.9624943733215332","0.085342638194561","0.020029155537486076","0.21464301645755768","0.3071318566799164","0.4201348125934601","0.5731804966926575","0.3855404555797577","0.282060444355011"
"0.11600318551063538","0.5515003204345703","0.44473162293434143","0.9761443734169006","0.810420572757721","3.4526256058597937E-6","2.6967293251800584E-6","0.260329931974411","0.16922202706336975","0.9243860244750977","0.6214578151702881","0.18831530213356018","0.9483790397644043","0.08848641067743301","0.0875021442770958","0.026567131280899048","0.011681949719786644","0.4958326518535614","0.021799756214022636","0.060846589505672455","0.09359919279813766","0.004288291558623314","0.9984960556030273","0.047110360115766525","0.9517298936843872","0.0877985954284668","0.004677256569266319","0.1600760817527771","0.35376638174057007","0.2795257568359375","0.5478323101997375","0.4565454423427582","0.13348059356212616"
"0.18422047793865204","0.47349265217781067","0.7417889833450317","0.9794292449951172","0.6543704867362976","1.8650324591362732E-6","2.3225506993185263E-6","0.16625401377677917","0.10341918468475342","0.8938056230545044","0.37779444456100464","0.10305435210466385","0.9158170223236084","0.06130499020218849","0.04521346092224121","0.036624401807785034","0.009001169353723526","0.46742841601371765","0.015588775277137756","0.015583165921270847","0.07675983011722565","0.007502683438360691","0.9989308714866638","0.10360235720872879","0.966214120388031","0.05563413351774216","0.00751998508349061","0.06307083368301392","0.22504881024360657","0.23396024107933044","0.49662116169929504","0.21302838623523712","0.1355687379837036"
"0.22847548127174377","0.3600378930568695","0.5744437575340271","0.97897869348526","0.7014817595481873","2.396619038336212E-6","2.992531108247931E-6","0.1104080080986023","0.1252458244562149","0.9181720614433289","0.3868633210659027","0.1363966017961502","0.9316086769104004","0.061628665775060654","0.06851769238710403","0.01516107190400362","0.0037089036777615547","0.41508135199546814","0.020466849207878113","0.01222716923803091","0.09191828966140747","0.009572482667863369","0.9983291029930115","0.06954913586378098","0.9092228412628174","0.0414142869412899","0.00480263214558363","0.05570044368505478","0.307466059923172","0.27185022830963135","0.5974169969558716","0.5872581601142883","0.3631238341331482"
"0.13130155205726624","0.7385929822921753","0.41555336117744446","0.9692444205284119","0.8829532861709595","5.546913143916754E-6","2.304775534867076E-6","0.15343046188354492","0.18034040927886963","0.9598966836929321","0.5470505356788635","0.205846905708313","0.9490206241607666","0.10690131038427353","0.05560930818319321","0.020865099504590034","0.010524512268602848","0.4747914671897888","0.027018381282687187","0.0941060483455658","0.16715525090694427","0.0039059920236468315","0.9987338185310364","0.06583189964294434","0.9048528075218201","0.04223949834704399","0.006251639686524868","0.1476147621870041","0.3056098520755768","0.32896801829338074","0.5748478174209595","0.4064435660839081","0.1594962626695633"
"0.21242162585258484","0.5788255929946899","0.3818725347518921","0.9821985363960266","0.6443175077438354","7.605705718560785E-7","6.358600330713671E-7","0.15304741263389587","0.08801175653934479","0.9676311016082764","0.5250368714332581","0.12786613404750824","0.9806961417198181","0.0787227675318718","0.06159732863306999","0.019337140023708344","0.005251286085695028","0.42711713910102844","0.015401727519929409","0.018077682703733444","0.06559199094772339","0.005976473446935415","0.9992807507514954","0.06573635339736938","0.9563173055648804","0.042789194732904434","0.002105859573930502","0.05338691920042038","0.5140717029571533","0.34473416209220886","0.5674554705619812","0.4693755805492401","0.21545764803886414"
"0.17678231000900269","0.44656217098236084","0.489504873752594","0.9832133054733276","0.7147088050842285","5.223252628638875E-6","4.1785865505516995E-6","0.17894110083580017","0.08553262054920197","0.9548864960670471","0.526125967502594","0.11785020679235458","0.9361187815666199","0.0693429559469223","0.04205965995788574","0.026325203478336334","0.006135315168648958","0.4543229937553406","0.01415994018316269","0.024316463619470596","0.10463546961545944","0.019289584830403328","0.9988186955451965","0.10022523254156113","0.9628311991691589","0.14014118909835815","0.007593289948999882","0.08047054708003998","0.38507333397865295","0.4094375967979431","0.6164374351501465","0.583202600479126","0.16829179227352142"
"0.19389203190803528","0.488786906003952","0.6652348041534424","0.9806397557258606","0.7862270474433899","1.0453425147716189E-6","2.011425522141508E-6","0.15999694168567657","0.08065687119960785","0.9516476988792419","0.4673710763454437","0.12138114124536514","0.9286203384399414","0.03145782649517059","0.03896155208349228","0.032698001712560654","0.0029239545110613108","0.4705337584018707","0.012112275697290897","0.011367054656147957","0.07335245609283447","0.00837884470820427","0.9988180994987488","0.06172699108719826","0.975191593170166","0.04921198636293411","0.0035485951229929924","0.13862164318561554","0.34749940037727356","0.32047951221466064","0.4827648103237152","0.36073869466781616","0.191322922706604"
"0.30980297923088074","0.6029081344604492","0.7496449947357178","0.9826704859733582","0.7398854494094849","1.1990694019914372E-6","1.1422238230807125E-6","0.14235734939575195","0.08273880183696747","0.9043301343917847","0.40612682700157166","0.08373995125293732","0.9177864193916321","0.12157004326581955","0.04062844067811966","0.018908122554421425","0.0015497546410188079","0.36658862233161926","0.02886631339788437","0.01975356973707676","0.05513852834701538","0.014800182543694973","0.9984460473060608","0.1548258513212204","0.9737909436225891","0.044679637998342514","0.004631702788174152","0.12434010207653046","0.37109458446502686","0.4335390627384186","0.605565071105957","0.4640793800354004","0.33300769329071045"
"0.1739058643579483","0.652603268623352","0.5910688042640686","0.971009373664856","0.7284294962882996","4.088826244696975E-6","6.3287056946137454E-6","0.12965136766433716","0.12597841024398804","0.883255124092102","0.41908252239227295","0.12168195843696594","0.9055908918380737","0.14054259657859802","0.06791578978300095","0.028207266703248024","0.005243983119726181","0.35134240984916687","0.027272196486592293","0.020765073597431183","0.07407268136739731","0.02406989596784115","0.9985458850860596","0.08606607466936111","0.9549948573112488","0.08175928890705109","0.00769642973318696","0.09218014031648636","0.3103009760379791","0.40459319949150085","0.5525819063186646","0.38632747530937195","0.16236133873462677"
"0.18417368829250336","0.6040728092193604","0.5361571311950684","0.9814078211784363","0.5703592300415039","2.5497156457277015E-6","4.379754955152748E-6","0.14287835359573364","0.14283742010593414","0.8889161348342896","0.5328485369682312","0.16447006165981293","0.9107779264450073","0.07095160335302353","0.07087912410497665","0.036169860512018204","0.00520482799038291","0.3608075976371765","0.014910600148141384","0.014172906056046486","0.08790065348148346","0.014179223217070103","0.997539758682251","0.11340688169002533","0.9294649362564087","0.04241030663251877","0.005991099867969751","0.09852679818868637","0.3547165095806122","0.32692474126815796","0.4904443919658661","0.4469465911388397","0.20804230868816376"
"0.2361353188753128","0.7525935769081116","0.6644327044487","0.9832599759101868","0.6790158152580261","9.705104275781196E-7","2.1690591438527917E-6","0.22030603885650635","0.1142740324139595","0.9193305373191833","0.41509538888931274","0.09590928256511688","0.8915081024169922","0.15449047088623047","0.03427460789680481","0.008617845363914967","0.0017233684193342924","0.2835661768913269","0.023951580747961998","0.027746718376874924","0.04520462825894356","0.009940801188349724","0.9993249177932739","0.10373510420322418","0.9807393550872803","0.08864343166351318","0.006283375434577465","0.062100689858198166","0.21500690281391144","0.23661239445209503","0.6125602126121521","0.422998309135437","0.17642457783222198"
"0.2470490038394928","0.4839589297771454","0.5964815020561218","0.9751608967781067","0.7880887985229492","3.8026382753741927E-6","3.4538309137133183E-6","0.18549519777297974","0.21354657411575317","0.919674813747406","0.4324382245540619","0.11088862270116806","0.8997378945350647","0.07874957472085953","0.0462704636156559","0.02359408140182495","0.005323017947375774","0.433246910572052","0.0315006747841835","0.04718634486198425","0.11398058384656906","0.010346446186304092","0.9991230368614197","0.12378022819757462","0.8991693258285522","0.03986704722046852","0.008482623845338821","0.07783493399620056","0.2204066812992096","0.22718101739883423","0.7217921614646912","0.4958161413669586","0.30436503887176514"
"0.22495292127132416","0.5384021997451782","0.6605586409568787","0.9655051231384277","0.6937484741210938","1.0546697012614459E-5","4.651973085856298E-6","0.15806272625923157","0.11034640669822693","0.9023842215538025","0.49184831976890564","0.17566093802452087","0.8589974045753479","0.11299237608909607","0.06939442455768585","0.027842359617352486","0.007034677546471357","0.394183486700058","0.01860537938773632","0.028611602261662483","0.07782549411058426","0.007844004780054092","0.9970217347145081","0.19501444697380066","0.9622993469238281","0.06722306460142136","0.0077124848030507565","0.14306452870368958","0.3177335858345032","0.2052353173494339","0.5967041850090027","0.2436385303735733","0.18084873259067535"
"0.17617157101631165","0.6480059027671814","0.4788087010383606","0.9822063446044922","0.7681154012680054","8.643382329864835E-7","1.0008679964812472E-6","0.1638038605451584","0.13190452754497528","0.9413546323776245","0.4246353209018707","0.1652493178844452","0.9402714371681213","0.07971767336130142","0.04095720127224922","0.008246351964771748","0.0033062933944165707","0.3292164206504822","0.027269156649708748","0.03419600799679756","0.12521110475063324","0.004683360457420349","0.9992400407791138","0.05098390951752663","0.9393904209136963","0.025905216112732887","0.002900026272982359","0.119892917573452","0.17775952816009521","0.2319910228252411","0.5760332345962524","0.3989112377166748","0.2741571366786957"
"0.16513292491436005","0.7190278768539429","0.5818086862564087","0.979504406452179","0.7368393540382385","2.7896310257347068E-6","2.682304284462589E-6","0.2067672312259674","0.15543320775032043","0.920293927192688","0.3954443335533142","0.10306438058614731","0.8907005786895752","0.1694384515285492","0.0473770946264267","0.022005515173077583","0.004834406543523073","0.33384883403778076","0.025971544906497","0.0378057137131691","0.0930219367146492","0.009708714671432972","0.9988683462142944","0.1005946472287178","0.9665167927742004","0.08643516153097153","0.004256890621036291","0.10058127343654633","0.2850969433784485","0.30265671014785767","0.578414797782898","0.45933806896209717","0.1673160046339035"
"0.14169226586818695","0.525777280330658","0.757472574710846","0.9802156090736389","0.7255594730377197","7.059194331304752E-7","1.4347775731948786E-6","0.09360673278570175","0.11453540623188019","0.953933596611023","0.5397641062736511","0.10306400805711746","0.9161045551300049","0.10038112103939056","0.052353385835886","0.015793852508068085","0.002816717606037855","0.49933379888534546","0.020406300202012062","0.01003055926412344","0.04071004316210747","0.011020470410585403","0.9994945526123047","0.11451272666454315","0.9780390858650208","0.04797400161623955","0.003947136923670769","0.04272834211587906","0.4216097295284271","0.22231775522232056","0.5322229862213135","0.392801433801651","0.17321276664733887"
"0.15922911465168","0.6762803792953491","0.5388424396514893","0.982837438583374","0.7049052119255066","1.0156051075682626E-6","1.1356644336046884E-6","0.19490529596805573","0.11668113619089127","0.9621739983558655","0.48771634697914124","0.1302686333656311","0.9206489324569702","0.08140410482883453","0.03922656178474426","0.009897568263113499","0.0022603815887123346","0.49309366941452026","0.01731931045651436","0.022325588390231133","0.043733906000852585","0.004394038114696741","0.999272882938385","0.08581305295228958","0.9738380908966064","0.05731337144970894","0.0030570870731025934","0.07221239060163498","0.3346866965293884","0.1345335841178894","0.639813244342804","0.47272780537605286","0.17977111041545868"
"0.19132523238658905","0.6007817387580872","0.5825585722923279","0.9809882640838623","0.743024468421936","1.8985858787345933E-6","1.2430190281520481E-6","0.2164595127105713","0.22514916956424713","0.9451009035110474","0.4961588382720947","0.16975119709968567","0.9217796921730042","0.1092563346028328","0.05505102500319481","0.03452664613723755","0.015669846907258034","0.4782935082912445","0.020063556730747223","0.04489845409989357","0.07680369168519974","0.004520122893154621","0.9993103742599487","0.11675284802913666","0.928545355796814","0.047370798885822296","0.007794434204697609","0.1486382931470871","0.16444599628448486","0.2034398466348648","0.6345224380493164","0.28548794984817505","0.2043677568435669"
"0.2611943781375885","0.42906105518341064","0.7418527007102966","0.9781378507614136","0.635149359703064","5.066256676400371E-7","2.833509824995417E-6","0.07426503300666809","0.08200530707836151","0.940967857837677","0.43567177653312683","0.11692983657121658","0.8658523559570312","0.04513345658779144","0.05581013485789299","0.017862485721707344","0.0023978061508387327","0.3254295587539673","0.0161038339138031","0.0045418948866426945","0.07283272594213486","0.011742426082491875","0.9993833303451538","0.12570925056934357","0.9659934639930725","0.03245458006858826","0.004115643911063671","0.02743721380829811","0.21701690554618835","0.19584088027477264","0.636745810508728","0.4586378335952759","0.19842156767845154"
"0.1632433384656906","0.7110353112220764","0.5540662407875061","0.9421716332435608","0.7756854295730591","1.556669667479582E-5","1.6097770640044473E-5","0.1931438148021698","0.1894845962524414","0.9334557056427002","0.2939338684082031","0.1747923642396927","0.9051619172096252","0.13321919739246368","0.05358274653553963","0.023140735924243927","0.016720008105039597","0.5267194509506226","0.05084666982293129","0.05550665035843849","0.13779889047145844","0.0071779354475438595","0.9968494772911072","0.16410017013549805","0.9592264294624329","0.14049893617630005","0.01069187093526125","0.08857198804616928","0.3256428837776184","0.18471451103687286","0.5061830282211304","0.4186205267906189","0.16216647624969482"
"0.18425478041172028","0.6388774514198303","0.5502825379371643","0.9619424939155579","0.7524898052215576","8.409909241891E-6","6.259211659198627E-6","0.20081885159015656","0.13683690130710602","0.8350119590759277","0.2648502290248871","0.2106517106294632","0.8791136741638184","0.07584588974714279","0.04245534539222717","0.025198528543114662","0.006933429278433323","0.4170314371585846","0.02508753165602684","0.03641854226589203","0.16621188819408417","0.007298347540199757","0.9977378845214844","0.05614247918128967","0.9549416899681091","0.08600407093763351","0.008619768545031548","0.12813320755958557","0.1544986218214035","0.2293468862771988","0.4953947365283966","0.33152177929878235","0.27412542700767517"
"0.2742825746536255","0.4238918721675873","0.6654128432273865","0.9708828926086426","0.6899147033691406","6.2510925999959E-6","4.616629666998051E-6","0.11602477729320526","0.1093103438615799","0.9171150326728821","0.43976882100105286","0.09163406491279602","0.8769833445549011","0.10094688832759857","0.04751759395003319","0.030001085251569748","0.003794019343331456","0.4049519896507263","0.02006772719323635","0.031094826757907867","0.08361108601093292","0.03329839929938316","0.9983507394790649","0.18473340570926666","0.934110164642334","0.058924030512571335","0.00856583472341299","0.09572340548038483","0.37256407737731934","0.4210745394229889","0.6105082631111145","0.6255285143852234","0.4245375096797943"
"0.2532361149787903","0.5288029313087463","0.7368959188461304","0.9816064238548279","0.7995798587799072","1.2704640539595857E-6","3.265686927989009E-6","0.12246926873922348","0.13489048182964325","0.9293912053108215","0.3853647708892822","0.09378917515277863","0.8820812106132507","0.03660355508327484","0.03612930700182915","0.019918931648135185","0.002661461941897869","0.3463875353336334","0.02966875396668911","0.019892293959856033","0.13872124254703522","0.004417446907609701","0.9978682994842529","0.10827513039112091","0.9606537222862244","0.0520050935447216","0.007589877117425203","0.0964079424738884","0.3292476236820221","0.3626880645751953","0.5655478239059448","0.3906542658805847","0.19800040125846863"
"0.1605324149131775","0.6992384195327759","0.5318570137023926","0.9835569858551025","0.7894665598869324","6.561926966242027E-7","6.70712950068264E-7","0.09014366567134857","0.09325968474149704","0.9340304732322693","0.4077410399913788","0.12384650111198425","0.8930966854095459","0.0773557648062706","0.024924997240304947","0.02693473920226097","0.004675966687500477","0.48991918563842773","0.010478313080966473","0.01694248989224434","0.08608917891979218","0.004099726676940918","0.9995806813240051","0.126747265458107","0.9783425331115723","0.03746612370014191","0.0023897169157862663","0.06838883459568024","0.28558149933815","0.1448596715927124","0.5668817162513733","0.4940856695175171","0.19491179287433624"
"0.13071218132972717","0.5351070761680603","0.42033958435058594","0.9724666476249695","0.7264502048492432","8.40285520098405E-6","1.0256419045617804E-5","0.1614973098039627","0.11688121408224106","0.9141398668289185","0.4251995384693146","0.1892525553703308","0.874817430973053","0.06565991044044495","0.04067915305495262","0.024733930826187134","0.005576248746365309","0.47052234411239624","0.014532048255205154","0.01628755033016205","0.0987144485116005","0.010010375641286373","0.9969258904457092","0.07825300097465515","0.945385754108429","0.06869430840015411","0.004661899991333485","0.10831841826438904","0.3136990964412689","0.2474832534790039","0.4643910825252533","0.5098535418510437","0.2930169105529785"
"0.2227374017238617","0.6446502804756165","0.5354779362678528","0.9908375144004822","0.7047349214553833","5.16400746164436E-7","8.255607895080175E-7","0.21124303340911865","0.13821150362491608","0.9380682706832886","0.5175985097885132","0.08620963245630264","0.9596735239028931","0.05181069299578667","0.05120057612657547","0.022939693182706833","0.002704265993088484","0.39423611760139465","0.015277598053216934","0.014875844120979309","0.05859105661511421","0.005000476725399494","0.9991785883903503","0.05289030075073242","0.9545789957046509","0.052625350654125214","0.005273056216537952","0.1570213884115219","0.36497682332992554","0.432450532913208","0.6085488200187683","0.385057657957077","0.18179810047149658"
"0.24026373028755188","0.5791332125663757","0.7110341191291809","0.9864630103111267","0.5882278084754944","7.101802452780248E-7","1.388540454172471E-6","0.12243092060089111","0.15874378383159637","0.8920748233795166","0.37679198384284973","0.11738798022270203","0.855451226234436","0.0662991926074028","0.05300945043563843","0.02201670967042446","0.003982931841164827","0.3440297842025757","0.01275688223540783","0.016055183485150337","0.06895872205495834","0.003945367410778999","0.9990744590759277","0.09279686212539673","0.9577954411506653","0.03961407020688057","0.0074353585951030254","0.11365779489278793","0.1649218052625656","0.2362101823091507","0.5388009548187256","0.33352696895599365","0.2333287000656128"
"0.17304155230522156","0.7097070813179016","0.5881928205490112","0.947705864906311","0.7913945913314819","5.721516117773717E-6","1.1086112863267772E-5","0.26275625824928284","0.10442647337913513","0.9175032377243042","0.3810271918773651","0.10409664362668991","0.9205648899078369","0.13250824809074402","0.060705650597810745","0.024607187137007713","0.004748159553855658","0.43251654505729675","0.03138520568609238","0.039485763758420944","0.10966796427965164","0.01658066362142563","0.9980483055114746","0.11504931002855301","0.9748902320861816","0.13584820926189423","0.005863172933459282","0.16465294361114502","0.5131422281265259","0.3923579752445221","0.534203052520752","0.6391054391860962","0.2058379203081131"
"0.2826174199581146","0.37662291526794434","0.7357315421104431","0.9762610197067261","0.625680685043335","5.132891146786278E-6","3.9275769267987926E-6","0.12972258031368256","0.1622300148010254","0.9408419728279114","0.5254173278808594","0.1331043392419815","0.8697357177734375","0.06301315128803253","0.06329377740621567","0.04281739518046379","0.007610668428242207","0.5082361102104187","0.036708809435367584","0.016026822850108147","0.07074500620365143","0.015899749472737312","0.997020423412323","0.1790194809436798","0.8802187442779541","0.03212562948465347","0.011201218701899052","0.14567139744758606","0.25996291637420654","0.28773725032806396","0.615990161895752","0.36440104246139526","0.36571434140205383"
"0.27620354294776917","0.5466322898864746","0.6707686185836792","0.9722979068756104","0.6751476526260376","5.368240181269357E-6","1.3022679922869429E-5","0.2174569070339203","0.16803860664367676","0.9342411160469055","0.5646916627883911","0.12366229295730591","0.8963388800621033","0.08627050369977951","0.09691808372735977","0.03187381103634834","0.0065007577650249004","0.35258322954177856","0.04948829486966133","0.03929750248789787","0.08450332283973694","0.011224729008972645","0.9984024167060852","0.10557911545038223","0.9294319748878479","0.044562164694070816","0.008220450952649117","0.09302998334169388","0.26131168007850647","0.28037363290786743","0.6312952041625977","0.2313610166311264","0.1613231748342514"
"0.14467661082744598","0.6470003724098206","0.631925642490387","0.9874832630157471","0.617256760597229","2.612660864542704E-6","3.2604712032480165E-6","0.16918420791625977","0.160746231675148","0.8936677575111389","0.4825001657009125","0.19692625105381012","0.8866893649101257","0.12670838832855225","0.0368877574801445","0.018727777525782585","0.003266416722908616","0.5173330307006836","0.03715591877698898","0.025128597393631935","0.07191498577594757","0.01398907694965601","0.9979123473167419","0.12703724205493927","0.9642431735992432","0.05753070488572121","0.002278470667079091","0.1375400871038437","0.24117814004421234","0.27697649598121643","0.584723949432373","0.5543308854103088","0.28519073128700256"
"0.19692911207675934","0.5069819688796997","0.6211264729499817","0.9899269342422485","0.7477590441703796","3.6633357467508176E-6","1.192947820527479E-6","0.1360783725976944","0.10174914449453354","0.927489161491394","0.45377838611602783","0.09257249534130096","0.9132910966873169","0.044459469616413116","0.03393467143177986","0.024789834395051003","0.004658604506403208","0.4136125147342682","0.015230759046971798","0.026600008830428123","0.0730980709195137","0.006463713478296995","0.9988358616828918","0.09558910131454468","0.9690922498703003","0.07481426000595093","0.004219673573970795","0.08627330511808395","0.1759783923625946","0.16825103759765625","0.6697638630867004","0.28424057364463806","0.18515515327453613"
"0.15474724769592285","0.6564088463783264","0.5110037326812744","0.9846363067626953","0.6552847623825073","2.2890303625899833E-6","1.5369739685411332E-6","0.2280682623386383","0.14315907657146454","0.8780789971351624","0.5125023126602173","0.15765820443630219","0.8882138729095459","0.06664767116308212","0.039444830268621445","0.027149660512804985","0.006960201542824507","0.38637158274650574","0.022410286590456963","0.033702731132507324","0.12046588212251663","0.006504383869469166","0.998737633228302","0.09103751927614212","0.9453481435775757","0.04759731516242027","0.00306247198022902","0.11091376841068268","0.16033200919628143","0.2169017791748047","0.5943630933761597","0.30030426383018494","0.11658927798271179"
"0.24206821620464325","0.5712805986404419","0.532516360282898","0.9681269526481628","0.7919057607650757","4.397215434437385E-6","2.6881352823693305E-6","0.11782559007406235","0.15763594210147858","0.9128322601318359","0.2822747528553009","0.17026874423027039","0.9275879263877869","0.08368691056966782","0.03607132285833359","0.022681353613734245","0.009553955867886543","0.4162236452102661","0.02058476209640503","0.0362863726913929","0.14250151813030243","0.005183697212487459","0.9985228180885315","0.07429806143045425","0.9255325794219971","0.05778589844703674","0.008238832466304302","0.09669242799282074","0.2638869881629944","0.23467367887496948","0.5482670068740845","0.42262330651283264","0.2770825922489166"
"0.16214337944984436","0.5875474810600281","0.4992990791797638","0.9818389415740967","0.7642593383789062","6.243877578526735E-6","9.1727770268335E-6","0.21123814582824707","0.11385699361562729","0.9434033036231995","0.4450035095214844","0.1320604532957077","0.9327898621559143","0.08569905906915665","0.0613798052072525","0.04163031280040741","0.011273464187979698","0.546292245388031","0.021940307691693306","0.02456669509410858","0.07081610709428787","0.013694088906049728","0.9973282814025879","0.08666908740997314","0.9535681009292603","0.13093924522399902","0.00845361314713955","0.13659147918224335","0.3763357400894165","0.3594984710216522","0.5165233016014099","0.5557788610458374","0.19272218644618988"
"0.15159016847610474","0.8090448975563049","0.544883668422699","0.9821110367774963","0.6601412892341614","8.239835551648866E-6","6.495861271105241E-6","0.2740572690963745","0.1728947013616562","0.8829140663146973","0.44055962562561035","0.13749323785305023","0.9170069098472595","0.1222541481256485","0.062000688165426254","0.022739103063941002","0.003952200058847666","0.46776509284973145","0.034832946956157684","0.033449944108724594","0.0987313762307167","0.010672314092516899","0.9973529577255249","0.16602903604507446","0.9673467874526978","0.08266717940568924","0.005461827851831913","0.1482035219669342","0.27440953254699707","0.26751387119293213","0.6116295456886292","0.3867047131061554","0.31080275774002075"
"0.15300697088241577","0.523790180683136","0.5376977920532227","0.9859977960586548","0.7444561123847961","5.296952622302342E-6","1.5180162336037029E-6","0.16219870746135712","0.10741531848907471","0.9437844157218933","0.5691989660263062","0.2511369287967682","0.9588541984558105","0.06321673840284348","0.04592953249812126","0.02086600475013256","0.005874707829207182","0.5515884757041931","0.026935409754514694","0.031205059960484505","0.12507393956184387","0.008019410073757172","0.9971689581871033","0.08174052834510803","0.9414971470832825","0.05547402426600456","0.004206168465316296","0.14144258201122284","0.38573506474494934","0.4620787799358368","0.5229480862617493","0.4247630536556244","0.22504954040050507"
"0.16521550714969635","0.44484832882881165","0.4635295271873474","0.9389749765396118","0.8214781284332275","2.7639875042950734E-5","3.110022225882858E-5","0.25531941652297974","0.18880774080753326","0.8552178740501404","0.4336227774620056","0.2967529296875","0.9493172764778137","0.08869271725416183","0.1689717173576355","0.03520478680729866","0.009103338234126568","0.3498817980289459","0.05151146650314331","0.05002085492014885","0.20711813867092133","0.019513901323080063","0.9964675903320312","0.08220576494932175","0.9080349802970886","0.09894663095474243","0.008226004429161549","0.10741610080003738","0.29829734563827515","0.2789885103702545","0.6005644202232361","0.5254306197166443","0.3480302393436432"
"0.22274579107761383","0.6464771032333374","0.5278195142745972","0.9527243971824646","0.7862625122070312","4.782418182003312E-5","2.579240026534535E-5","0.18706701695919037","0.1874830573797226","0.8907676935195923","0.43433496356010437","0.25650668144226074","0.860532820224762","0.08505326509475708","0.05164240673184395","0.05594426393508911","0.03609885647892952","0.48482006788253784","0.03957236558198929","0.11809876561164856","0.2186657190322876","0.014911378733813763","0.9972077012062073","0.18880639970302582","0.9255772233009338","0.08475279062986374","0.011425263248383999","0.17519690096378326","0.1302178055047989","0.18729162216186523","0.5780290961265564","0.3470771014690399","0.20060887932777405"
"0.16130346059799194","0.7802141308784485","0.5404393076896667","0.9881011247634888","0.7487030029296875","1.5065419347592979E-6","1.6581572026552749E-6","0.18111300468444824","0.14905007183551788","0.9042924046516418","0.4344179034233093","0.1319187879562378","0.9484296441078186","0.06486622989177704","0.049289774149656296","0.011571601964533329","0.0025962181389331818","0.43768310546875","0.03668263182044029","0.03059234842658043","0.0690876841545105","0.005041093099862337","0.998866081237793","0.07872089743614197","0.9753588438034058","0.06918513774871826","0.0017340520862489939","0.09110073000192642","0.3135882616043091","0.3329540491104126","0.5442321300506592","0.5603315830230713","0.331656813621521"
"0.15673139691352844","0.7564095258712769","0.5622510313987732","0.9793881177902222","0.5892500877380371","7.034475856926292E-6","1.2400930245348718E-5","0.17677558958530426","0.1591179519891739","0.8964710831642151","0.45263439416885376","0.12202290445566177","0.8124800324440002","0.08017220348119736","0.03409600630402565","0.04027184844017029","0.005752373021095991","0.483650803565979","0.0279983002692461","0.025409800931811333","0.08919703960418701","0.0203060545027256","0.9979694485664368","0.2094973623752594","0.9639973044395447","0.10423509776592255","0.00481598312035203","0.19483120739459991","0.31808963418006897","0.2283620834350586","0.5314398407936096","0.5005072951316833","0.16746656596660614"
"0.1605452299118042","0.7858178615570068","0.5634331703186035","0.9805804491043091","0.7504624724388123","2.1420291886897758E-6","3.737718998308992E-6","0.15606020390987396","0.16451959311962128","0.9259099364280701","0.5011547207832336","0.16421586275100708","0.9281622767448425","0.07079184055328369","0.05722181499004364","0.03587101399898529","0.005030645057559013","0.4081309735774994","0.010180111974477768","0.031132256612181664","0.0702979639172554","0.006841178517788649","0.9993904829025269","0.11087255924940109","0.9656877517700195","0.08499754220247269","0.006474633235484362","0.08956305682659149","0.28334078192710876","0.2215331494808197","0.5359503030776978","0.4107389450073242","0.200365349650383"
"0.33095699548721313","0.3680674135684967","0.6440620422363281","0.9771003723144531","0.5855991840362549","7.337045644817408E-6","8.653959412185941E-6","0.11690566688776016","0.22595903277397156","0.909928560256958","0.5262580513954163","0.16285526752471924","0.8948184251785278","0.09389013051986694","0.11219833046197891","0.07872166484594345","0.010216453112661839","0.3257685899734497","0.019107896834611893","0.03015957772731781","0.1679440438747406","0.01567487232387066","0.9989719390869141","0.1415099799633026","0.8970547318458557","0.041789449751377106","0.01480947993695736","0.19166943430900574","0.2626284658908844","0.41097983717918396","0.6056531667709351","0.3815169930458069","0.3254111111164093"
"0.19373580813407898","0.6100155711174011","0.577931821346283","0.9704102873802185","0.67545485496521","3.177146481903037E-6","4.0358327169087715E-6","0.1972140222787857","0.16332176327705383","0.8849655389785767","0.4535926282405853","0.17192457616329193","0.9340704083442688","0.08836362510919571","0.06323646754026413","0.01904240995645523","0.006421409547328949","0.48047515749931335","0.029852136969566345","0.030043216422200203","0.08079731464385986","0.00840653944760561","0.9988895058631897","0.0951845571398735","0.9293355345726013","0.061202697455883026","0.005815792363137007","0.14123396575450897","0.38888248801231384","0.2815585434436798","0.48536086082458496","0.5077844858169556","0.2850472927093506"
"0.23268595337867737","0.5439988374710083","0.6362475752830505","0.967912495136261","0.8106096982955933","2.1122721136634937E-6","4.633567186829168E-6","0.17543178796768188","0.07297367602586746","0.9516206383705139","0.36812806129455566","0.12580421566963196","0.94040447473526","0.088795967400074","0.06189192831516266","0.012079102918505669","0.003329681698232889","0.48727914690971375","0.03698725998401642","0.01838785782456398","0.05200144648551941","0.012888099998235703","0.9987412095069885","0.0732942670583725","0.9796383380889893","0.10762210190296173","0.004435245413333178","0.05333910137414932","0.48143354058265686","0.4123665988445282","0.5438668727874756","0.586024820804596","0.27482157945632935"
"0.22499537467956543","0.6577008366584778","0.6000311970710754","0.9826052188873291","0.6124464273452759","8.129964044201188E-6","9.800094630918466E-6","0.29611289501190186","0.18070177733898163","0.8968273401260376","0.4731908440589905","0.1786901205778122","0.8792364597320557","0.1374361664056778","0.07492844015359879","0.05042646452784538","0.009239951148629189","0.4302762746810913","0.0306595079600811","0.05546465888619423","0.09654277563095093","0.009422505274415016","0.9959107637405396","0.08676958084106445","0.948269784450531","0.09492176026105881","0.015282311476767063","0.2027454972267151","0.18765684962272644","0.23515525460243225","0.6230685114860535","0.36000511050224304","0.21075370907783508"
"0.3147316575050354","0.4104388356208801","0.81462562084198","0.9625029563903809","0.7644752264022827","2.1634109543811064E-6","3.6695387279905844E-6","0.09815185517072678","0.15880461037158966","0.9396469593048096","0.46825307607650757","0.09219807386398315","0.9160959124565125","0.07726021856069565","0.07386418431997299","0.0268386397510767","0.004457863047719002","0.41150397062301636","0.045466646552085876","0.023822981864213943","0.1141071766614914","0.021998625248670578","0.9993897676467896","0.21022039651870728","0.9432754516601562","0.0417056679725647","0.012733668088912964","0.10781440883874893","0.3567968010902405","0.3854452669620514","0.6356971263885498","0.3651638627052307","0.26481544971466064"
"0.151001438498497","0.6322914361953735","0.6247081756591797","0.9790423512458801","0.7716915607452393","1.0883835557251587E-6","3.7654001516784774E-6","0.0983600988984108","0.14992080628871918","0.9611981511116028","0.4906452000141144","0.14430637657642365","0.9014854431152344","0.07481701672077179","0.039704419672489166","0.01729169860482216","0.0038525061681866646","0.5688602924346924","0.03365703672170639","0.012182863429188728","0.06534186005592346","0.009025655686855316","0.9994057416915894","0.10997411608695984","0.9684531092643738","0.04139814153313637","0.0026463945396244526","0.09154713898897171","0.3152020573616028","0.1584489941596985","0.5442695617675781","0.5043244957923889","0.21939437091350555"
"0.294077605009079","0.4507216513156891","0.7140941023826599","0.977575421333313","0.6570207476615906","2.493358806532342E-6","2.88717001240002E-6","0.14311374723911285","0.12706440687179565","0.940148651599884","0.5193392634391785","0.13237163424491882","0.9220352172851562","0.1485699862241745","0.08320976793766022","0.020113525912165642","0.002865719376131892","0.37844789028167725","0.021930614486336708","0.02180527336895466","0.05398306995630264","0.016430936753749847","0.9985186457633972","0.09173983335494995","0.9544739127159119","0.04147150367498398","0.007357455790042877","0.10886931419372559","0.34721502661705017","0.458996444940567","0.6047074198722839","0.4617656171321869","0.3560623526573181"
"0.25563427805900574","0.5994016528129578","0.6889185309410095","0.9671420454978943","0.7005728483200073","3.7648364923370536E-6","3.8220091482799035E-6","0.14970079064369202","0.08301850408315659","0.9050110578536987","0.26952874660491943","0.0750473141670227","0.8123629689216614","0.0830404981970787","0.021334845572710037","0.017742231488227844","0.0029192164074629545","0.4583105444908142","0.019743014127016068","0.012159186415374279","0.0828690305352211","0.014308501966297626","0.9969949722290039","0.18844139575958252","0.9581148624420166","0.054556746035814285","0.005761909764260054","0.1550998091697693","0.4400714337825775","0.28107500076293945","0.5861231684684753","0.5422536134719849","0.28513818979263306"
"0.23950901627540588","0.5353463292121887","0.5142860412597656","0.9831863641738892","0.6769330501556396","6.262760621211783E-7","1.2679814744842588E-6","0.23815929889678955","0.08802951872348785","0.9225968718528748","0.49573811888694763","0.11639585345983505","0.9479291439056396","0.07416854798793793","0.0492972694337368","0.008941972628235817","0.001390659948810935","0.2840978503227234","0.022188836708664894","0.0172254778444767","0.08192281424999237","0.011149958707392216","0.9996041655540466","0.05046483874320984","0.9842036962509155","0.07655338197946548","0.0019070630660280585","0.07802657783031464","0.2089051902294159","0.21533185243606567","0.6753133535385132","0.581557035446167","0.15955042839050293"
"0.16561348736286163","0.6669554114341736","0.6504152417182922","0.9772600531578064","0.7504518032073975","2.3247289391292725E-6","4.6166960601112805E-6","0.10966647416353226","0.16120034456253052","0.9217292070388794","0.4556516408920288","0.12626871466636658","0.9239429235458374","0.07565320283174515","0.057227957993745804","0.015374823473393917","0.002731177257373929","0.4446463882923126","0.036623626947402954","0.01865922287106514","0.07986866682767868","0.008698859252035618","0.9979668259620667","0.12325388193130493","0.9390112161636353","0.03235088288784027","0.004233888816088438","0.07657919079065323","0.35438698530197144","0.21231216192245483","0.57958984375","0.4468284547328949","0.2777515947818756"
"0.1883714348077774","0.5813995003700256","0.5425283908843994","0.9678625464439392","0.7812245488166809","5.254669304122217E-6","4.708533197117504E-6","0.14309589564800262","0.10797732323408127","0.944304883480072","0.4899868965148926","0.1223292201757431","0.879766047000885","0.06941964477300644","0.037197183817625046","0.03449036180973053","0.009308033622801304","0.5529394149780273","0.025847921147942543","0.04098796844482422","0.12699517607688904","0.010999794118106365","0.998242974281311","0.10069508850574493","0.9339237809181213","0.041261084377765656","0.008295672945678234","0.10295845568180084","0.3493809700012207","0.2932644188404083","0.5435144305229187","0.42733412981033325","0.2196691334247589"
"0.1817517727613449","0.8030298352241516","0.6081344485282898","0.9904533624649048","0.841675341129303","2.918875452451175E-7","1.3790834145765984E-6","0.1565302163362503","0.11220639944076538","0.9431363344192505","0.6051900386810303","0.1378518044948578","0.9404032826423645","0.06442845612764359","0.04162374138832092","0.014085687696933746","0.001069689285941422","0.48416605591773987","0.019359678030014038","0.01831630989909172","0.032303642481565475","0.0047273775562644005","0.9996529817581177","0.0759425088763237","0.9838899374008179","0.05234686657786369","0.0018095597624778748","0.120270274579525","0.40889787673950195","0.22888021171092987","0.6203565001487732","0.5638814568519592","0.19862064719200134"
"0.1991998255252838","0.6982284784317017","0.6086870431900024","0.991748571395874","0.6500613689422607","4.151672783336835E-7","6.638257445956697E-7","0.17022135853767395","0.1059405654668808","0.9459688067436218","0.583947479724884","0.08626823127269745","0.9390586614608765","0.05132346227765083","0.03667914494872093","0.029691334813833237","0.0027789894957095385","0.4667924642562866","0.012585862539708614","0.017367810010910034","0.03933757543563843","0.0051954323425889015","0.9997482895851135","0.10305598378181458","0.9815824031829834","0.0446188747882843","0.0022200983949005604","0.1270313709974289","0.21825267374515533","0.2756548523902893","0.5582595467567444","0.30193281173706055","0.19237397611141205"
"0.1660364419221878","0.6423807740211487","0.6189815998077393","0.9774981737136841","0.7772321105003357","6.25907978246687E-6","6.263642262638314E-6","0.13325032591819763","0.1684933304786682","0.9532499313354492","0.5405563116073608","0.16028067469596863","0.9101325273513794","0.10036033391952515","0.06153005361557007","0.03350846841931343","0.013043279759585857","0.6271170973777771","0.03661414608359337","0.03159232810139656","0.07347778975963593","0.009085780009627342","0.9986176490783691","0.19874916970729828","0.9556708335876465","0.05134548619389534","0.0031049144454300404","0.14967507123947144","0.33749663829803467","0.17314748466014862","0.5648065209388733","0.504706859588623","0.29707613587379456"
"0.26485389471054077","0.5007936358451843","0.668617308139801","0.9839631915092468","0.6402603387832642","2.0598281480488367E-6","5.596253231487935E-6","0.19137068092823029","0.19967590272426605","0.8915847539901733","0.5018884539604187","0.12036094069480896","0.890281617641449","0.07889876514673233","0.07043053954839706","0.020675424486398697","0.004343206528574228","0.43421345949172974","0.036559395492076874","0.020399488508701324","0.07343417406082153","0.01138920709490776","0.9986631870269775","0.09902373701334","0.9365349411964417","0.04896089807152748","0.007827067747712135","0.07041309028863907","0.23013806343078613","0.2844099998474121","0.5930694937705994","0.41929739713668823","0.21546465158462524"
"0.18773816525936127","0.6064150333404541","0.4889484643936157","0.9830523729324341","0.705997109413147","2.7601431611401495E-6","1.7073925846489146E-6","0.18512913584709167","0.09644094854593277","0.937066912651062","0.3658679723739624","0.0902237594127655","0.8039297461509705","0.05221385136246681","0.014457592740654945","0.02662140689790249","0.009502721950411797","0.4626648724079132","0.011496373452246189","0.02403048798441887","0.10340619087219238","0.008848597295582294","0.9988704323768616","0.10696899890899658","0.9526605010032654","0.04959981143474579","0.003904823213815689","0.10934170335531235","0.15819348394870758","0.15941740572452545","0.509227991104126","0.4077363610267639","0.15260270237922668"
"0.2369750291109085","0.5813701748847961","0.6272783875465393","0.9659795761108398","0.686038613319397","4.602334229275584E-6","1.4734527212567627E-5","0.21628867089748383","0.17288511991500854","0.8999743461608887","0.4230283498764038","0.1416848748922348","0.8983950018882751","0.11407926678657532","0.09544362872838974","0.03042987547814846","0.0075152283534407616","0.34432554244995117","0.030606599524617195","0.01972229778766632","0.1142522543668747","0.013058334589004517","0.9977534413337708","0.11117634922266006","0.9632636904716492","0.06275589764118195","0.009610514156520367","0.059900786727666855","0.21992118656635284","0.18244461715221405","0.6586968302726746","0.5015522241592407","0.2610219120979309"
"0.16406936943531036","0.6302037239074707","0.6234837174415588","0.9871028065681458","0.6877129077911377","7.49313301184884E-7","1.8702154420680017E-6","0.16689759492874146","0.08637674152851105","0.9387856125831604","0.46051961183547974","0.10415248572826385","0.9365519881248474","0.06071227416396141","0.03870556131005287","0.012395092286169529","0.002195795066654682","0.38789716362953186","0.021144220605492592","0.015096963383257389","0.062049176543951035","0.006078311707824469","0.9984428286552429","0.045323293656110764","0.978652834892273","0.05512481555342674","0.003320532152429223","0.034048326313495636","0.3250865340232849","0.19910167157649994","0.6229519248008728","0.44249239563941956","0.1428360641002655"
"0.189400315284729","0.5976770520210266","0.5194287300109863","0.982720136642456","0.7534537315368652","4.86162150536984E-7","1.1700626600941177E-6","0.18865346908569336","0.06868278235197067","0.9757834076881409","0.5154598355293274","0.09585776925086975","0.9351620078086853","0.06886419653892517","0.05066148564219475","0.019822826609015465","0.004765096586197615","0.3937563896179199","0.022460905835032463","0.012417380698025227","0.04824872687458992","0.010385393165051937","0.9993966817855835","0.06267908960580826","0.9768937230110168","0.07925359904766083","0.0031535986345261335","0.06857062131166458","0.34510108828544617","0.3233458995819092","0.5618166923522949","0.37434935569763184","0.0786491334438324"
"0.22542767226696014","0.5671942830085754","0.5704817771911621","0.9851568937301636","0.7483403086662292","1.0179797982345917E-6","2.1958330762572587E-6","0.13889554142951965","0.07106196135282516","0.9618263840675354","0.41270163655281067","0.12546315789222717","0.957365870475769","0.07931286096572876","0.07123807072639465","0.019044071435928345","0.0031657291110605","0.4018038213253021","0.012451899237930775","0.01933910697698593","0.05342946574091911","0.007438624277710915","0.9990665316581726","0.05117473751306534","0.977814257144928","0.06592283397912979","0.0024192859418690205","0.12297109514474869","0.3832595944404602","0.42604440450668335","0.486022025346756","0.5682249069213867","0.24888750910758972"
"0.197001114487648","0.6187083721160889","0.6708567142486572","0.9830095171928406","0.6706418395042419","1.221912270921166E-6","1.1769992624977021E-6","0.10555822402238846","0.10353061556816101","0.9062172770500183","0.3239744305610657","0.14112836122512817","0.9151798486709595","0.09427761286497116","0.029749281704425812","0.012384922243654728","0.0028519672341644764","0.42829981446266174","0.014360444620251656","0.017693020403385162","0.0882854163646698","0.005582031793892384","0.998859167098999","0.10415489971637726","0.9547555446624756","0.03305314481258392","0.002617002697661519","0.06418934464454651","0.3158549964427948","0.3007529675960541","0.48073816299438477","0.44863414764404297","0.3137466013431549"
"0.17241665720939636","0.7029930949211121","0.7028903365135193","0.9836615920066833","0.6367884874343872","2.72313377536193E-6","1.0207415471086279E-5","0.22634078562259674","0.16615504026412964","0.9042976498603821","0.515951931476593","0.12251201272010803","0.8609070181846619","0.08278783410787582","0.048171039670705795","0.014681966044008732","0.003472723066806793","0.47955322265625","0.04309147596359253","0.03551851958036423","0.06879235804080963","0.00715812761336565","0.9984210729598999","0.12278545647859573","0.9627035856246948","0.0717417299747467","0.015094155445694923","0.07987874001264572","0.19335468113422394","0.1252407282590866","0.6218177080154419","0.44374021887779236","0.1852116882801056"
"0.16953541338443756","0.7506446242332458","0.6659085154533386","0.9917359948158264","0.6389957070350647","5.8760193155649176E-8","1.400556044472978E-7","0.10838933289051056","0.10645268857479095","0.9634597301483154","0.5762345194816589","0.11694503575563431","0.945330023765564","0.06440601497888565","0.026418980211019516","0.009119887836277485","0.0018005857709795237","0.49283838272094727","0.00990292988717556","0.012159861624240875","0.025857478380203247","0.0018985567148774862","0.9998365640640259","0.05976160988211632","0.9780657887458801","0.0280902162194252","0.0014989018673077226","0.05753586068749428","0.32687196135520935","0.24058808386325836","0.522689163684845","0.3874113857746124","0.1585717499256134"
"0.2563607692718506","0.7671804428100586","0.5300683975219727","0.9691660404205322","0.6089538335800171","1.8336261291551637E-6","4.384770363685675E-6","0.11143913120031357","0.14533990621566772","0.892159640789032","0.43415749073028564","0.15025801956653595","0.8533728122711182","0.10509587079286575","0.05039326474070549","0.0233799796551466","0.004655103664845228","0.28833910822868347","0.02068418450653553","0.021886702626943588","0.09250336140394211","0.012244711630046368","0.9988491535186768","0.21256406605243683","0.9299395680427551","0.044486843049526215","0.006157210096716881","0.08022093772888184","0.2500658929347992","0.2817918658256531","0.6130725741386414","0.4579446017742157","0.2191999852657318"
"0.22269019484519958","0.6761568784713745","0.5429412126541138","0.9375553727149963","0.6882147789001465","2.2161546439747326E-5","1.4017981811775826E-5","0.15163879096508026","0.2824907600879669","0.9181905388832092","0.6070249676704407","0.19229614734649658","0.8521811366081238","0.1707860231399536","0.10301552712917328","0.051352325826883316","0.016431491822004318","0.42244216799736023","0.0314590223133564","0.07033014297485352","0.11326652765274048","0.02020268887281418","0.9982144832611084","0.17961594462394714","0.8582607507705688","0.04213134944438934","0.017150944098830223","0.22003556787967682","0.331753671169281","0.30361777544021606","0.5799835324287415","0.4029168486595154","0.35742831230163574"
"0.2418026477098465","0.6185782551765442","0.6141604781150818","0.9780253171920776","0.784869909286499","1.110028847506328E-6","2.290423481099424E-6","0.27094829082489014","0.1487039476633072","0.9410215020179749","0.532815158367157","0.15844830870628357","0.9456691145896912","0.0927601233124733","0.06333079189062119","0.016504358500242233","0.002724697580561042","0.4952792525291443","0.0318344421684742","0.03502136841416359","0.0738353356719017","0.009797601960599422","0.9991740584373474","0.07766743004322052","0.9682534337043762","0.04093864560127258","0.004105093888938427","0.0992775559425354","0.24206042289733887","0.27200543880462646","0.6663585901260376","0.4291118383407593","0.2358466237783432"
"0.20557500422000885","0.5063607692718506","0.587668776512146","0.9664027690887451","0.5293318629264832","1.7298501916229725E-5","1.8626469682203606E-5","0.17960938811302185","0.14192238450050354","0.9154182076454163","0.4942542016506195","0.2082734853029251","0.8958366513252258","0.11240986734628677","0.09192529320716858","0.05661093816161156","0.01385410688817501","0.4138420522212982","0.011745363473892212","0.05374421551823616","0.09913592785596848","0.011921631172299385","0.9975377321243286","0.15195590257644653","0.9480219483375549","0.10404842346906662","0.013085500337183475","0.16494786739349365","0.2844715416431427","0.2917903959751129","0.5098558068275452","0.4114597737789154","0.255441814661026"
